claim_id,policy_id,customer_id,filed_date,status,loss_date,loss_type,reserve_amount,paid_amount,closed_date
CLM-000001,POL-000001,CUST-001,2026-01-28,settled,2026-01-26,collision,5000.00,4200.00,2026-02-27
CLM-000002,POL-000003,CUST-002,2026-07-27,under_review,2026-07-25,collision,8000.00,,
CLM-000003,POL-000170,CUST-0062,2026-07-20,settled,2026-07-19,liability,14133.87,6965.63,2026-09-01
CLM-000004,POL-000190,CUST-0072,2025-10-24,settled,2025-10-22,wind_damage,13889.65,10981.39,2025-12-13
CLM-000005,POL-000110,CUST-0042,2025-09-07,denied,2025-09-07,collision,9993.73,,2025-09-26
CLM-000006,POL-000214,CUST-0083,2026-01-14,settled,2026-01-13,fire,10204.38,8857.41,2026-03-01
CLM-000007,POL-000134,CUST-0049,2025-12-31,settled,2025-12-29,theft,2318.47,975.86,2026-01-20
CLM-000008,POL-000152,CUST-0055,2025-12-21,settled,2025-12-18,liability,2980.18,1673.50,2026-01-30
CLM-000009,POL-000212,CUST-0082,2025-11-06,settled,2025-11-05,theft,14727.76,11168.17,2025-12-03
CLM-000010,POL-000057,CUST-0022,2025-10-19,settled,2025-10-17,water_damage,19379.65,11048.74,2025-11-11
CLM-000011,POL-000207,CUST-0078,2026-06-03,settled,2026-06-01,theft,5766.15,4684.63,2026-07-07
CLM-000012,POL-000127,CUST-0046,2025-10-12,settled,2025-10-09,theft,19702.80,11673.14,2025-12-31
CLM-000013,POL-000205,CUST-0078,2026-06-27,under_review,2026-06-24,wind_damage,10053.63,,
CLM-000014,POL-000165,CUST-0061,2026-03-31,settled,2026-03-30,water_damage,18380.71,1531.77,2026-05-12
CLM-000015,POL-000237,CUST-0092,2025-09-13,settled,2025-09-11,fire,11218.61,2406.18,2025-11-30
CLM-000016,POL-000229,CUST-0089,2025-09-11,settled,2025-09-10,fire,10956.53,2342.85,2025-10-20
CLM-000017,POL-000231,CUST-0090,2025-10-14,under_review,2025-10-12,wind_damage,9303.64,,
CLM-000018,POL-000104,CUST-0039,2025-12-17,denied,2025-12-15,theft,18506.43,,2026-02-17
CLM-000019,POL-000197,CUST-0075,2025-12-26,filed,2025-12-23,water_damage,,,
CLM-000020,POL-000140,CUST-0050,2026-05-11,under_review,2026-05-11,wind_damage,10929.39,,
CLM-000021,POL-000242,CUST-0094,2026-07-01,withdrawn,2026-06-30,liability,13426.38,,2026-09-27
CLM-000022,POL-000115,CUST-0043,2025-09-10,filed,2025-09-08,water_damage,,,
CLM-000023,POL-000220,CUST-0085,2026-06-12,settled,2026-06-09,fire,2471.46,1987.99,2026-08-04
CLM-000024,POL-000215,CUST-0083,2025-12-05,settled,2025-12-05,vandalism,9723.58,3527.54,2026-01-31
CLM-000025,POL-000033,CUST-0016,2026-07-26,settled,2026-07-24,liability,4490.85,2496.65,2026-08-26
CLM-000026,POL-000133,CUST-0049,2026-06-04,settled,2026-06-01,liability,15742.75,10495.81,2026-07-29
CLM-000027,POL-000100,CUST-0038,2026-03-31,under_review,2026-03-28,theft,17877.47,,
CLM-000028,POL-000184,CUST-0069,2025-12-17,under_review,2025-12-16,liability,2700.18,,
CLM-000029,POL-000153,CUST-0056,2026-04-12,withdrawn,2026-04-12,wind_damage,11411.88,,2026-04-26
CLM-000030,POL-000199,CUST-0075,2026-06-25,denied,2026-06-23,theft,9120.44,,2026-08-26
