coverage_id,policy_id,coverage_type,limit_amount,deductible_amount
COV-000001,POL-000001,liability,219000.00,0.00
COV-000002,POL-000001,collision,54000.00,1600.00
COV-000003,POL-000001,comprehensive,65000.00,1000.00
COV-000004,POL-000002,dwelling,728000.00,4100.00
COV-000005,POL-000002,personal_property,54000.00,2200.00
COV-000006,POL-000002,liability,328000.00,0.00
COV-000007,POL-000003,liability,366000.00,0.00
COV-000008,POL-000003,collision,62000.00,1800.00
COV-000009,POL-000004,liability,421000.00,0.00
COV-000010,POL-000004,collision,36000.00,1900.00
COV-000011,POL-000005,dwelling,266000.00,3400.00
COV-000012,POL-000005,personal_property,62000.00,1500.00
COV-000013,POL-000005,liability,476000.00,0.00
COV-000014,POL-000006,liability,403000.00,0.00
COV-000015,POL-000006,collision,33000.00,2000.00
COV-000016,POL-000006,comprehensive,47000.00,900.00
COV-000017,POL-000007,dwelling,365000.00,2200.00
COV-000018,POL-000007,personal_property,179000.00,1900.00
COV-000019,POL-000007,liability,263000.00,0.00
COV-000020,POL-000008,liability,294000.00,0.00
COV-000021,POL-000008,collision,29000.00,700.00
COV-000022,POL-000009,dwelling,257000.00,3600.00
COV-000023,POL-000009,personal_property,112000.00,500.00
COV-000024,POL-000010,liability,328000.00,0.00
COV-000025,POL-000010,collision,52000.00,1800.00
COV-000026,POL-000010,comprehensive,55000.00,600.00
COV-000027,POL-000011,dwelling,366000.00,3800.00
COV-000028,POL-000011,personal_property,123000.00,2300.00
COV-000029,POL-000012,personal_property,106000.00,1100.00
COV-000030,POL-000012,liability,114000.00,0.00
COV-000031,POL-000013,liability,111000.00,0.00
COV-000032,POL-000013,collision,62000.00,1500.00
COV-000033,POL-000014,dwelling,537000.00,2900.00
COV-000034,POL-000014,personal_property,180000.00,1000.00
COV-000035,POL-000015,umbrella_excess,2389000.00,0.00
COV-000036,POL-000016,liability,153000.00,0.00
COV-000037,POL-000016,collision,48000.00,800.00
COV-000038,POL-000016,comprehensive,26000.00,1000.00
COV-000039,POL-000017,liability,403000.00,0.00
COV-000040,POL-000017,collision,43000.00,1800.00
COV-000041,POL-000017,comprehensive,37000.00,900.00
COV-000042,POL-000018,dwelling,471000.00,4100.00
COV-000043,POL-000018,personal_property,198000.00,1600.00
COV-000044,POL-000018,liability,450000.00,0.00
COV-000045,POL-000019,personal_property,196000.00,1600.00
COV-000046,POL-000019,liability,402000.00,0.00
COV-000047,POL-000020,personal_property,85000.00,1600.00
COV-000048,POL-000020,liability,268000.00,0.00
COV-000049,POL-000021,liability,476000.00,0.00
COV-000050,POL-000021,collision,49000.00,1500.00
COV-000051,POL-000022,dwelling,301000.00,4400.00
COV-000052,POL-000022,personal_property,94000.00,2500.00
COV-000053,POL-000022,liability,450000.00,0.00
COV-000054,POL-000023,dwelling,521000.00,1800.00
COV-000055,POL-000023,personal_property,148000.00,2500.00
COV-000056,POL-000023,liability,220000.00,0.00
COV-000057,POL-000024,dwelling,233000.00,1100.00
COV-000058,POL-000024,personal_property,199000.00,1000.00
COV-000059,POL-000024,liability,145000.00,0.00
COV-000060,POL-000025,dwelling,392000.00,3400.00
COV-000061,POL-000025,personal_property,72000.00,900.00
COV-000062,POL-000025,liability,188000.00,0.00
COV-000063,POL-000026,liability,308000.00,0.00
COV-000064,POL-000026,collision,54000.00,800.00
COV-000065,POL-000027,dwelling,226000.00,1000.00
COV-000066,POL-000027,personal_property,51000.00,1500.00
COV-000067,POL-000028,dwelling,258000.00,3400.00
COV-000068,POL-000028,personal_property,198000.00,1000.00
COV-000069,POL-000029,dwelling,692000.00,2600.00
COV-000070,POL-000029,personal_property,64000.00,2400.00
COV-000071,POL-000030,dwelling,336000.00,2100.00
COV-000072,POL-000030,personal_property,169000.00,2400.00
COV-000073,POL-000030,liability,147000.00,0.00
COV-000074,POL-000031,personal_property,77000.00,1500.00
COV-000075,POL-000031,liability,334000.00,0.00
COV-000076,POL-000032,liability,430000.00,0.00
COV-000077,POL-000032,collision,60000.00,600.00
COV-000078,POL-000033,liability,330000.00,0.00
COV-000079,POL-000033,collision,25000.00,1300.00
COV-000080,POL-000034,dwelling,649000.00,1200.00
COV-000081,POL-000034,personal_property,90000.00,1400.00
COV-000082,POL-000034,liability,178000.00,0.00
COV-000083,POL-000035,dwelling,655000.00,1600.00
COV-000084,POL-000035,personal_property,139000.00,2000.00
COV-000085,POL-000036,personal_property,172000.00,1300.00
COV-000086,POL-000036,liability,495000.00,0.00
COV-000087,POL-000037,dwelling,378000.00,1000.00
COV-000088,POL-000037,personal_property,81000.00,1500.00
COV-000089,POL-000038,umbrella_excess,3830000.00,0.00
COV-000090,POL-000039,liability,162000.00,0.00
COV-000091,POL-000039,collision,32000.00,600.00
COV-000092,POL-000040,dwelling,664000.00,2300.00
COV-000093,POL-000040,personal_property,152000.00,2300.00
COV-000094,POL-000040,liability,442000.00,0.00
COV-000095,POL-000041,liability,365000.00,0.00
COV-000096,POL-000041,collision,51000.00,800.00
COV-000097,POL-000042,liability,235000.00,0.00
COV-000098,POL-000042,collision,56000.00,1400.00
COV-000099,POL-000042,comprehensive,54000.00,500.00
COV-000100,POL-000043,umbrella_excess,2716000.00,0.00
COV-000101,POL-000044,dwelling,353000.00,2600.00
COV-000102,POL-000044,personal_property,90000.00,1800.00
COV-000103,POL-000044,liability,315000.00,0.00
COV-000104,POL-000045,liability,347000.00,0.00
COV-000105,POL-000045,collision,71000.00,1600.00
COV-000106,POL-000046,liability,220000.00,0.00
COV-000107,POL-000046,collision,71000.00,600.00
COV-000108,POL-000046,comprehensive,70000.00,1000.00
COV-000109,POL-000047,liability,242000.00,0.00
COV-000110,POL-000047,collision,50000.00,1600.00
COV-000111,POL-000047,comprehensive,45000.00,900.00
COV-000112,POL-000048,liability,434000.00,0.00
COV-000113,POL-000048,collision,48000.00,1300.00
COV-000114,POL-000049,liability,410000.00,0.00
COV-000115,POL-000049,collision,52000.00,700.00
COV-000116,POL-000049,comprehensive,58000.00,200.00
COV-000117,POL-000050,dwelling,595000.00,4000.00
COV-000118,POL-000050,personal_property,184000.00,1800.00
COV-000119,POL-000051,dwelling,610000.00,1100.00
COV-000120,POL-000051,personal_property,72000.00,1700.00
COV-000121,POL-000051,liability,109000.00,0.00
COV-000122,POL-000052,dwelling,734000.00,3000.00
COV-000123,POL-000052,personal_property,53000.00,500.00
COV-000124,POL-000052,liability,436000.00,0.00
COV-000125,POL-000053,dwelling,613000.00,1600.00
COV-000126,POL-000053,personal_property,70000.00,1400.00
COV-000127,POL-000053,liability,497000.00,0.00
COV-000128,POL-000054,umbrella_excess,3609000.00,0.00
COV-000129,POL-000055,dwelling,296000.00,2000.00
COV-000130,POL-000055,personal_property,159000.00,700.00
COV-000131,POL-000055,liability,406000.00,0.00
COV-000132,POL-000056,umbrella_excess,1579000.00,0.00
COV-000133,POL-000057,personal_property,150000.00,1300.00
COV-000134,POL-000057,liability,167000.00,0.00
COV-000135,POL-000058,liability,102000.00,0.00
COV-000136,POL-000058,collision,38000.00,2000.00
COV-000137,POL-000059,dwelling,674000.00,1300.00
COV-000138,POL-000059,personal_property,99000.00,2200.00
COV-000139,POL-000060,liability,395000.00,0.00
COV-000140,POL-000060,collision,26000.00,1500.00
COV-000141,POL-000061,umbrella_excess,1271000.00,0.00
COV-000142,POL-000062,dwelling,686000.00,4900.00
COV-000143,POL-000062,personal_property,85000.00,700.00
COV-000144,POL-000062,liability,306000.00,0.00
COV-000145,POL-000063,personal_property,58000.00,1100.00
COV-000146,POL-000063,liability,289000.00,0.00
COV-000147,POL-000064,personal_property,78000.00,500.00
COV-000148,POL-000064,liability,184000.00,0.00
COV-000149,POL-000065,liability,449000.00,0.00
COV-000150,POL-000065,collision,62000.00,1100.00
COV-000151,POL-000066,liability,165000.00,0.00
COV-000152,POL-000066,collision,68000.00,700.00
COV-000153,POL-000067,personal_property,75000.00,1600.00
COV-000154,POL-000067,liability,337000.00,0.00
COV-000155,POL-000068,liability,305000.00,0.00
COV-000156,POL-000068,collision,33000.00,700.00
COV-000157,POL-000069,umbrella_excess,4980000.00,0.00
COV-000158,POL-000070,liability,173000.00,0.00
COV-000159,POL-000070,collision,71000.00,1600.00
COV-000160,POL-000071,umbrella_excess,3189000.00,0.00
COV-000161,POL-000072,dwelling,652000.00,4800.00
COV-000162,POL-000072,personal_property,125000.00,600.00
COV-000163,POL-000073,liability,339000.00,0.00
COV-000164,POL-000073,collision,45000.00,1300.00
COV-000165,POL-000073,comprehensive,40000.00,600.00
COV-000166,POL-000074,dwelling,336000.00,3800.00
COV-000167,POL-000074,personal_property,158000.00,600.00
COV-000168,POL-000074,liability,111000.00,0.00
COV-000169,POL-000075,liability,437000.00,0.00
COV-000170,POL-000075,collision,53000.00,1000.00
COV-000171,POL-000075,comprehensive,70000.00,400.00
COV-000172,POL-000076,dwelling,332000.00,3100.00
COV-000173,POL-000076,personal_property,58000.00,500.00
COV-000174,POL-000076,liability,313000.00,0.00
COV-000175,POL-000077,liability,309000.00,0.00
COV-000176,POL-000077,collision,62000.00,800.00
COV-000177,POL-000078,dwelling,696000.00,4000.00
COV-000178,POL-000078,personal_property,102000.00,1100.00
COV-000179,POL-000078,liability,247000.00,0.00
COV-000180,POL-000079,dwelling,270000.00,3800.00
COV-000181,POL-000079,personal_property,177000.00,500.00
COV-000182,POL-000079,liability,101000.00,0.00
COV-000183,POL-000080,dwelling,692000.00,1100.00
COV-000184,POL-000080,personal_property,184000.00,800.00
COV-000185,POL-000081,dwelling,387000.00,4100.00
COV-000186,POL-000081,personal_property,86000.00,1200.00
COV-000187,POL-000082,personal_property,192000.00,1100.00
COV-000188,POL-000082,liability,184000.00,0.00
COV-000189,POL-000083,personal_property,130000.00,1100.00
COV-000190,POL-000083,liability,122000.00,0.00
COV-000191,POL-000084,liability,401000.00,0.00
COV-000192,POL-000084,collision,52000.00,1600.00
COV-000193,POL-000085,liability,476000.00,0.00
COV-000194,POL-000085,collision,52000.00,600.00
COV-000195,POL-000085,comprehensive,51000.00,500.00
COV-000196,POL-000086,dwelling,413000.00,3300.00
COV-000197,POL-000086,personal_property,160000.00,1200.00
COV-000198,POL-000087,dwelling,703000.00,4800.00
COV-000199,POL-000087,personal_property,130000.00,900.00
COV-000200,POL-000087,liability,448000.00,0.00
COV-000201,POL-000088,dwelling,541000.00,1000.00
COV-000202,POL-000088,personal_property,172000.00,1300.00
COV-000203,POL-000089,liability,335000.00,0.00
COV-000204,POL-000089,collision,42000.00,1300.00
COV-000205,POL-000090,dwelling,457000.00,1300.00
COV-000206,POL-000090,personal_property,149000.00,600.00
COV-000207,POL-000090,liability,248000.00,0.00
COV-000208,POL-000091,liability,409000.00,0.00
COV-000209,POL-000091,collision,49000.00,1100.00
COV-000210,POL-000091,comprehensive,45000.00,600.00
COV-000211,POL-000092,liability,182000.00,0.00
COV-000212,POL-000092,collision,39000.00,1700.00
COV-000213,POL-000093,dwelling,222000.00,3700.00
COV-000214,POL-000093,personal_property,99000.00,600.00
COV-000215,POL-000094,umbrella_excess,1484000.00,0.00
COV-000216,POL-000095,liability,494000.00,0.00
COV-000217,POL-000095,collision,57000.00,1600.00
COV-000218,POL-000095,comprehensive,67000.00,900.00
COV-000219,POL-000096,dwelling,398000.00,1300.00
COV-000220,POL-000096,personal_property,156000.00,1800.00
COV-000221,POL-000096,liability,215000.00,0.00
COV-000222,POL-000097,liability,340000.00,0.00
COV-000223,POL-000097,collision,36000.00,1000.00
COV-000224,POL-000097,comprehensive,50000.00,400.00
COV-000225,POL-000098,liability,129000.00,0.00
COV-000226,POL-000098,collision,31000.00,900.00
COV-000227,POL-000098,comprehensive,60000.00,800.00
COV-000228,POL-000099,dwelling,479000.00,3300.00
COV-000229,POL-000099,personal_property,65000.00,800.00
COV-000230,POL-000099,liability,289000.00,0.00
COV-000231,POL-000100,liability,299000.00,0.00
COV-000232,POL-000100,collision,40000.00,1400.00
COV-000233,POL-000101,umbrella_excess,3942000.00,0.00
COV-000234,POL-000102,personal_property,187000.00,800.00
COV-000235,POL-000102,liability,489000.00,0.00
COV-000236,POL-000103,dwelling,586000.00,4300.00
COV-000237,POL-000103,personal_property,138000.00,500.00
COV-000238,POL-000104,liability,451000.00,0.00
COV-000239,POL-000104,collision,57000.00,1100.00
COV-000240,POL-000105,liability,178000.00,0.00
COV-000241,POL-000105,collision,35000.00,1100.00
COV-000242,POL-000105,comprehensive,31000.00,700.00
COV-000243,POL-000106,liability,237000.00,0.00
COV-000244,POL-000106,collision,58000.00,1100.00
COV-000245,POL-000107,liability,422000.00,0.00
COV-000246,POL-000107,collision,28000.00,1800.00
COV-000247,POL-000108,umbrella_excess,3001000.00,0.00
COV-000248,POL-000109,umbrella_excess,2119000.00,0.00
COV-000249,POL-000110,umbrella_excess,2916000.00,0.00
COV-000250,POL-000111,personal_property,132000.00,1000.00
COV-000251,POL-000111,liability,151000.00,0.00
COV-000252,POL-000112,liability,401000.00,0.00
COV-000253,POL-000112,collision,57000.00,1100.00
COV-000254,POL-000113,personal_property,64000.00,900.00
COV-000255,POL-000113,liability,123000.00,0.00
COV-000256,POL-000114,dwelling,550000.00,4100.00
COV-000257,POL-000114,personal_property,64000.00,500.00
COV-000258,POL-000114,liability,179000.00,0.00
COV-000259,POL-000115,dwelling,719000.00,2800.00
COV-000260,POL-000115,personal_property,185000.00,1300.00
COV-000261,POL-000116,liability,395000.00,0.00
COV-000262,POL-000116,collision,57000.00,1400.00
COV-000263,POL-000117,umbrella_excess,4284000.00,0.00
COV-000264,POL-000118,dwelling,251000.00,1400.00
COV-000265,POL-000118,personal_property,120000.00,1600.00
COV-000266,POL-000119,personal_property,153000.00,1500.00
COV-000267,POL-000119,liability,285000.00,0.00
COV-000268,POL-000120,dwelling,599000.00,4500.00
COV-000269,POL-000120,personal_property,136000.00,1200.00
COV-000270,POL-000120,liability,465000.00,0.00
COV-000271,POL-000121,liability,447000.00,0.00
COV-000272,POL-000121,collision,38000.00,800.00
COV-000273,POL-000122,liability,124000.00,0.00
COV-000274,POL-000122,collision,51000.00,1600.00
COV-000275,POL-000122,comprehensive,66000.00,1000.00
COV-000276,POL-000123,dwelling,443000.00,2100.00
COV-000277,POL-000123,personal_property,172000.00,2100.00
COV-000278,POL-000124,dwelling,496000.00,3000.00
COV-000279,POL-000124,personal_property,80000.00,1500.00
COV-000280,POL-000124,liability,429000.00,0.00
COV-000281,POL-000125,dwelling,564000.00,4100.00
COV-000282,POL-000125,personal_property,61000.00,1800.00
COV-000283,POL-000126,liability,219000.00,0.00
COV-000284,POL-000126,collision,57000.00,1000.00
COV-000285,POL-000126,comprehensive,60000.00,600.00
COV-000286,POL-000127,liability,162000.00,0.00
COV-000287,POL-000127,collision,53000.00,500.00
COV-000288,POL-000127,comprehensive,38000.00,900.00
COV-000289,POL-000128,liability,385000.00,0.00
COV-000290,POL-000128,collision,33000.00,1300.00
COV-000291,POL-000128,comprehensive,58000.00,1000.00
COV-000292,POL-000129,liability,304000.00,0.00
COV-000293,POL-000129,collision,34000.00,1200.00
COV-000294,POL-000129,comprehensive,49000.00,600.00
COV-000295,POL-000130,dwelling,417000.00,3200.00
COV-000296,POL-000130,personal_property,57000.00,1800.00
COV-000297,POL-000130,liability,415000.00,0.00
COV-000298,POL-000131,liability,202000.00,0.00
COV-000299,POL-000131,collision,61000.00,700.00
COV-000300,POL-000132,dwelling,377000.00,2100.00
COV-000301,POL-000132,personal_property,174000.00,500.00
COV-000302,POL-000133,dwelling,546000.00,3600.00
COV-000303,POL-000133,personal_property,104000.00,2000.00
COV-000304,POL-000134,dwelling,428000.00,2900.00
COV-000305,POL-000134,personal_property,113000.00,1000.00
COV-000306,POL-000134,liability,307000.00,0.00
COV-000307,POL-000135,umbrella_excess,4108000.00,0.00
COV-000308,POL-000136,liability,333000.00,0.00
COV-000309,POL-000136,collision,68000.00,1500.00
COV-000310,POL-000137,liability,253000.00,0.00
COV-000311,POL-000137,collision,37000.00,1400.00
COV-000312,POL-000137,comprehensive,42000.00,800.00
COV-000313,POL-000138,personal_property,157000.00,1400.00
COV-000314,POL-000138,liability,185000.00,0.00
COV-000315,POL-000139,dwelling,489000.00,4400.00
COV-000316,POL-000139,personal_property,138000.00,1100.00
COV-000317,POL-000139,liability,301000.00,0.00
COV-000318,POL-000140,dwelling,286000.00,2000.00
COV-000319,POL-000140,personal_property,81000.00,1200.00
COV-000320,POL-000141,umbrella_excess,4393000.00,0.00
COV-000321,POL-000142,dwelling,246000.00,4400.00
COV-000322,POL-000142,personal_property,101000.00,700.00
COV-000323,POL-000142,liability,436000.00,0.00
COV-000324,POL-000143,liability,452000.00,0.00
COV-000325,POL-000143,collision,46000.00,900.00
COV-000326,POL-000143,comprehensive,58000.00,1000.00
COV-000327,POL-000144,liability,396000.00,0.00
COV-000328,POL-000144,collision,30000.00,800.00
COV-000329,POL-000144,comprehensive,46000.00,900.00
COV-000330,POL-000145,liability,154000.00,0.00
COV-000331,POL-000145,collision,50000.00,700.00
COV-000332,POL-000146,liability,466000.00,0.00
COV-000333,POL-000146,collision,55000.00,1100.00
COV-000334,POL-000146,comprehensive,48000.00,800.00
COV-000335,POL-000147,personal_property,126000.00,2100.00
COV-000336,POL-000147,liability,472000.00,0.00
COV-000337,POL-000148,liability,343000.00,0.00
COV-000338,POL-000148,collision,40000.00,1700.00
COV-000339,POL-000148,comprehensive,30000.00,400.00
COV-000340,POL-000149,personal_property,131000.00,600.00
COV-000341,POL-000149,liability,230000.00,0.00
COV-000342,POL-000150,dwelling,589000.00,1400.00
COV-000343,POL-000150,personal_property,129000.00,2000.00
COV-000344,POL-000150,liability,204000.00,0.00
COV-000345,POL-000151,dwelling,242000.00,4100.00
COV-000346,POL-000151,personal_property,101000.00,1000.00
COV-000347,POL-000152,personal_property,99000.00,1800.00
COV-000348,POL-000152,liability,172000.00,0.00
COV-000349,POL-000153,liability,436000.00,0.00
COV-000350,POL-000153,collision,41000.00,2000.00
COV-000351,POL-000153,comprehensive,32000.00,1000.00
COV-000352,POL-000154,umbrella_excess,1831000.00,0.00
COV-000353,POL-000155,liability,378000.00,0.00
COV-000354,POL-000155,collision,26000.00,1700.00
COV-000355,POL-000155,comprehensive,70000.00,300.00
COV-000356,POL-000156,liability,212000.00,0.00
COV-000357,POL-000156,collision,46000.00,1900.00
COV-000358,POL-000156,comprehensive,45000.00,900.00
COV-000359,POL-000157,personal_property,132000.00,1300.00
COV-000360,POL-000157,liability,296000.00,0.00
COV-000361,POL-000158,dwelling,729000.00,3600.00
COV-000362,POL-000158,personal_property,64000.00,700.00
COV-000363,POL-000158,liability,179000.00,0.00
COV-000364,POL-000159,liability,178000.00,0.00
COV-000365,POL-000159,collision,37000.00,1500.00
COV-000366,POL-000160,liability,167000.00,0.00
COV-000367,POL-000160,collision,33000.00,1400.00
COV-000368,POL-000160,comprehensive,63000.00,900.00
COV-000369,POL-000161,umbrella_excess,2261000.00,0.00
COV-000370,POL-000162,liability,249000.00,0.00
COV-000371,POL-000162,collision,25000.00,1800.00
COV-000372,POL-000162,comprehensive,66000.00,800.00
COV-000373,POL-000163,personal_property,59000.00,2500.00
COV-000374,POL-000163,liability,200000.00,0.00
COV-000375,POL-000164,liability,151000.00,0.00
COV-000376,POL-000164,collision,60000.00,1800.00
COV-000377,POL-000165,liability,108000.00,0.00
COV-000378,POL-000165,collision,54000.00,1200.00
COV-000379,POL-000165,comprehensive,72000.00,300.00
COV-000380,POL-000166,liability,421000.00,0.00
COV-000381,POL-000166,collision,61000.00,700.00
COV-000382,POL-000167,dwelling,472000.00,2700.00
COV-000383,POL-000167,personal_property,188000.00,1100.00
COV-000384,POL-000168,liability,356000.00,0.00
COV-000385,POL-000168,collision,45000.00,500.00
COV-000386,POL-000168,comprehensive,37000.00,400.00
COV-000387,POL-000169,liability,287000.00,0.00
COV-000388,POL-000169,collision,40000.00,1500.00
COV-000389,POL-000169,comprehensive,38000.00,300.00
COV-000390,POL-000170,dwelling,635000.00,2400.00
COV-000391,POL-000170,personal_property,120000.00,1700.00
COV-000392,POL-000170,liability,185000.00,0.00
COV-000393,POL-000171,dwelling,290000.00,1900.00
COV-000394,POL-000171,personal_property,161000.00,1100.00
COV-000395,POL-000172,dwelling,406000.00,4900.00
COV-000396,POL-000172,personal_property,92000.00,2400.00
COV-000397,POL-000172,liability,380000.00,0.00
COV-000398,POL-000173,dwelling,252000.00,4100.00
COV-000399,POL-000173,personal_property,91000.00,1300.00
COV-000400,POL-000173,liability,385000.00,0.00
COV-000401,POL-000174,liability,363000.00,0.00
COV-000402,POL-000174,collision,55000.00,1400.00
COV-000403,POL-000175,dwelling,496000.00,1300.00
COV-000404,POL-000175,personal_property,61000.00,600.00
COV-000405,POL-000176,dwelling,446000.00,3400.00
COV-000406,POL-000176,personal_property,132000.00,1100.00
COV-000407,POL-000176,liability,458000.00,0.00
COV-000408,POL-000177,liability,413000.00,0.00
COV-000409,POL-000177,collision,52000.00,1100.00
COV-000410,POL-000178,personal_property,197000.00,500.00
COV-000411,POL-000178,liability,394000.00,0.00
COV-000412,POL-000179,personal_property,175000.00,2000.00
COV-000413,POL-000179,liability,290000.00,0.00
COV-000414,POL-000180,personal_property,145000.00,1700.00
COV-000415,POL-000180,liability,294000.00,0.00
COV-000416,POL-000181,personal_property,191000.00,900.00
COV-000417,POL-000181,liability,480000.00,0.00
COV-000418,POL-000182,umbrella_excess,2227000.00,0.00
COV-000419,POL-000183,dwelling,270000.00,1200.00
COV-000420,POL-000183,personal_property,155000.00,600.00
COV-000421,POL-000184,umbrella_excess,2027000.00,0.00
COV-000422,POL-000185,liability,370000.00,0.00
COV-000423,POL-000185,collision,73000.00,1000.00
COV-000424,POL-000186,liability,254000.00,0.00
COV-000425,POL-000186,collision,30000.00,700.00
COV-000426,POL-000186,comprehensive,44000.00,900.00
COV-000427,POL-000187,dwelling,521000.00,1200.00
COV-000428,POL-000187,personal_property,186000.00,1100.00
COV-000429,POL-000187,liability,252000.00,0.00
COV-000430,POL-000188,liability,290000.00,0.00
COV-000431,POL-000188,collision,65000.00,1800.00
COV-000432,POL-000189,liability,394000.00,0.00
COV-000433,POL-000189,collision,56000.00,2000.00
COV-000434,POL-000189,comprehensive,37000.00,900.00
COV-000435,POL-000190,liability,363000.00,0.00
COV-000436,POL-000190,collision,70000.00,900.00
COV-000437,POL-000190,comprehensive,46000.00,600.00
COV-000438,POL-000191,liability,319000.00,0.00
COV-000439,POL-000191,collision,30000.00,1600.00
COV-000440,POL-000191,comprehensive,47000.00,400.00
COV-000441,POL-000192,liability,179000.00,0.00
COV-000442,POL-000192,collision,40000.00,1800.00
COV-000443,POL-000193,liability,209000.00,0.00
COV-000444,POL-000193,collision,45000.00,1100.00
COV-000445,POL-000193,comprehensive,48000.00,1000.00
COV-000446,POL-000194,personal_property,70000.00,800.00
COV-000447,POL-000194,liability,298000.00,0.00
COV-000448,POL-000195,liability,205000.00,0.00
COV-000449,POL-000195,collision,43000.00,900.00
COV-000450,POL-000195,comprehensive,45000.00,500.00
COV-000451,POL-000196,liability,112000.00,0.00
COV-000452,POL-000196,collision,40000.00,900.00
COV-000453,POL-000196,comprehensive,59000.00,700.00
COV-000454,POL-000197,personal_property,95000.00,1700.00
COV-000455,POL-000197,liability,467000.00,0.00
COV-000456,POL-000198,liability,247000.00,0.00
COV-000457,POL-000198,collision,47000.00,1800.00
COV-000458,POL-000199,dwelling,560000.00,2500.00
COV-000459,POL-000199,personal_property,145000.00,2300.00
COV-000460,POL-000199,liability,223000.00,0.00
COV-000461,POL-000200,liability,437000.00,0.00
COV-000462,POL-000200,collision,63000.00,1800.00
COV-000463,POL-000201,dwelling,750000.00,3200.00
COV-000464,POL-000201,personal_property,80000.00,1200.00
COV-000465,POL-000201,liability,105000.00,0.00
COV-000466,POL-000202,dwelling,215000.00,3800.00
COV-000467,POL-000202,personal_property,113000.00,1400.00
COV-000468,POL-000203,umbrella_excess,3192000.00,0.00
COV-000469,POL-000204,dwelling,226000.00,4400.00
COV-000470,POL-000204,personal_property,168000.00,1400.00
COV-000471,POL-000205,personal_property,155000.00,1300.00
COV-000472,POL-000205,liability,473000.00,0.00
COV-000473,POL-000206,liability,168000.00,0.00
COV-000474,POL-000206,collision,63000.00,800.00
COV-000475,POL-000207,dwelling,439000.00,3800.00
COV-000476,POL-000207,personal_property,60000.00,2000.00
COV-000477,POL-000207,liability,230000.00,0.00
COV-000478,POL-000208,personal_property,59000.00,1200.00
COV-000479,POL-000208,liability,460000.00,0.00
COV-000480,POL-000209,dwelling,306000.00,4000.00
COV-000481,POL-000209,personal_property,58000.00,2400.00
COV-000482,POL-000210,umbrella_excess,1038000.00,0.00
COV-000483,POL-000211,liability,198000.00,0.00
COV-000484,POL-000211,collision,71000.00,800.00
COV-000485,POL-000212,liability,209000.00,0.00
COV-000486,POL-000212,collision,36000.00,600.00
COV-000487,POL-000212,comprehensive,41000.00,300.00
COV-000488,POL-000213,personal_property,119000.00,1500.00
COV-000489,POL-000213,liability,382000.00,0.00
COV-000490,POL-000214,personal_property,155000.00,900.00
COV-000491,POL-000214,liability,256000.00,0.00
COV-000492,POL-000215,umbrella_excess,2515000.00,0.00
COV-000493,POL-000216,umbrella_excess,2156000.00,0.00
COV-000494,POL-000217,dwelling,310000.00,3900.00
COV-000495,POL-000217,personal_property,148000.00,1000.00
COV-000496,POL-000217,liability,347000.00,0.00
COV-000497,POL-000218,dwelling,657000.00,4800.00
COV-000498,POL-000218,personal_property,174000.00,800.00
COV-000499,POL-000218,liability,489000.00,0.00
COV-000500,POL-000219,umbrella_excess,2885000.00,0.00
COV-000501,POL-000220,liability,300000.00,0.00
COV-000502,POL-000220,collision,59000.00,500.00
COV-000503,POL-000221,liability,406000.00,0.00
COV-000504,POL-000221,collision,75000.00,1800.00
COV-000505,POL-000221,comprehensive,74000.00,600.00
COV-000506,POL-000222,personal_property,120000.00,2000.00
COV-000507,POL-000222,liability,487000.00,0.00
COV-000508,POL-000223,dwelling,613000.00,2500.00
COV-000509,POL-000223,personal_property,156000.00,1900.00
COV-000510,POL-000223,liability,245000.00,0.00
COV-000511,POL-000224,liability,474000.00,0.00
COV-000512,POL-000224,collision,38000.00,1200.00
COV-000513,POL-000225,personal_property,70000.00,500.00
COV-000514,POL-000225,liability,211000.00,0.00
COV-000515,POL-000226,liability,139000.00,0.00
COV-000516,POL-000226,collision,57000.00,1900.00
COV-000517,POL-000227,liability,388000.00,0.00
COV-000518,POL-000227,collision,66000.00,1000.00
COV-000519,POL-000228,liability,356000.00,0.00
COV-000520,POL-000228,collision,26000.00,1100.00
COV-000521,POL-000229,personal_property,108000.00,800.00
COV-000522,POL-000229,liability,228000.00,0.00
COV-000523,POL-000230,liability,424000.00,0.00
COV-000524,POL-000230,collision,60000.00,800.00
COV-000525,POL-000231,dwelling,359000.00,2100.00
COV-000526,POL-000231,personal_property,154000.00,1900.00
COV-000527,POL-000231,liability,325000.00,0.00
COV-000528,POL-000232,liability,426000.00,0.00
COV-000529,POL-000232,collision,47000.00,1500.00
COV-000530,POL-000233,liability,205000.00,0.00
COV-000531,POL-000233,collision,39000.00,1800.00
COV-000532,POL-000233,comprehensive,33000.00,200.00
COV-000533,POL-000234,liability,322000.00,0.00
COV-000534,POL-000234,collision,63000.00,2000.00
COV-000535,POL-000235,personal_property,189000.00,600.00
COV-000536,POL-000235,liability,219000.00,0.00
COV-000537,POL-000236,umbrella_excess,4800000.00,0.00
COV-000538,POL-000237,umbrella_excess,4865000.00,0.00
COV-000539,POL-000238,dwelling,417000.00,2300.00
COV-000540,POL-000238,personal_property,135000.00,1600.00
COV-000541,POL-000239,dwelling,350000.00,3800.00
COV-000542,POL-000239,personal_property,135000.00,600.00
COV-000543,POL-000239,liability,109000.00,0.00
COV-000544,POL-000240,dwelling,445000.00,4200.00
COV-000545,POL-000240,personal_property,154000.00,2100.00
COV-000546,POL-000241,personal_property,199000.00,1100.00
COV-000547,POL-000241,liability,396000.00,0.00
COV-000548,POL-000242,dwelling,475000.00,3300.00
COV-000549,POL-000242,personal_property,88000.00,1500.00
COV-000550,POL-000243,personal_property,191000.00,2100.00
COV-000551,POL-000243,liability,141000.00,0.00
COV-000552,POL-000244,dwelling,494000.00,3100.00
COV-000553,POL-000244,personal_property,130000.00,1300.00
COV-000554,POL-000245,liability,243000.00,0.00
COV-000555,POL-000245,collision,54000.00,500.00
COV-000556,POL-000245,comprehensive,55000.00,200.00
COV-000557,POL-000246,personal_property,61000.00,500.00
COV-000558,POL-000246,liability,410000.00,0.00
COV-000559,POL-000247,dwelling,611000.00,3200.00
COV-000560,POL-000247,personal_property,141000.00,1800.00
COV-000561,POL-000247,liability,223000.00,0.00
COV-000562,POL-000248,umbrella_excess,1229000.00,0.00
COV-000563,POL-000249,umbrella_excess,2898000.00,0.00
COV-000564,POL-000250,personal_property,109000.00,1800.00
COV-000565,POL-000250,liability,307000.00,0.00
