interaction_id,customer_id,channel,direction,disposition,interaction_date,duration_seconds,representative_id
INT-000001,CUST-001,phone,inbound,complaint,2026-07-12T14:20:00,480,REP-001
INT-000002,CUST-001,email,inbound,inquiry,2026-08-06T09:15:00,,REP-002
INT-000003,CUST-001,phone,inbound,general,2026-01-18T10:30:00,300,REP-001
INT-000004,CUST-001,phone,inbound,general,2025-11-19T11:00:00,240,REP-003
INT-000005,CUST-002,phone,inbound,complaint,2026-06-27T15:30:00,600,REP-001
INT-000006,CUST-002,phone,inbound,complaint,2026-07-22T10:45:00,420,REP-002
INT-000007,CUST-002,phone,inbound,inquiry,2026-08-11T13:00:00,180,REP-003
INT-000008,CUST-003,phone,inbound,inquiry,2026-07-07T10:00:00,200,REP-001
INT-000009,CUST-003,phone,inbound,general,2026-08-01T14:30:00,150,REP-002
INT-000010,CUST-004,phone,inbound,complaint,2026-07-02T09:00:00,540,REP-001
INT-000011,CUST-004,phone,inbound,complaint,2026-07-17T11:15:00,480,REP-002
INT-000012,CUST-004,email,inbound,complaint,2026-08-01T16:00:00,,REP-003
INT-000013,CUST-005,phone,inbound,general,2025-12-24T10:30:00,180,REP-001
INT-000014,CUST-006,phone,inbound,complaint,2026-07-17T14:00:00,420,REP-002
INT-000015,CUST-006,phone,inbound,inquiry,2026-08-06T09:45:00,60,REP-001
INT-000016,CUST-006,phone,inbound,general,2026-02-07T11:30:00,200,REP-003
INT-000017,CUST-007,phone,inbound,complaint,2026-08-01T10:00:00,360,REP-001
INT-000018,CUST-007,phone,inbound,complaint,2026-08-16T15:30:00,300,REP-002
INT-000019,CUST-008,phone,inbound,inquiry,2026-07-27T11:00:00,240,REP-003
INT-000020,CUST-009,phone,inbound,complaint,2026-08-11T09:30:00,480,REP-001
INT-000021,CUST-010,phone,inbound,inquiry,2026-06-27T13:15:00,180,REP-002
INT-000022,CUST-011,phone,inbound,general,2026-07-17T10:45:00,200,REP-003
INT-000023,CUST-012,phone,inbound,inquiry,2026-07-12T14:00:00,240,REP-001
INT-000024,CUST-012,email,inbound,request,2026-08-06T10:30:00,,REP-002
INT-000025,CUST-012,phone,inbound,complaint,2026-04-23T16:00:00,420,REP-003
INT-000026,CUST-011B,phone,inbound,request,2026-05-08T12:51:00,227,REP-003
INT-000027,CUST-011B,email,internal_note,request,2025-10-24T08:48:00,,REP-001
INT-000028,CUST-0013,phone,internal_note,general,2026-07-29T10:44:00,864,REP-003
INT-000029,CUST-0014,phone,outbound,general,2026-04-28T14:21:00,831,REP-001
INT-000030,CUST-0015,phone,inbound,request,2026-04-28T12:09:00,886,REP-001
INT-000031,CUST-0015,email,inbound,request,2026-06-27T11:48:00,,REP-003
INT-000032,CUST-0016,email,inbound,request,2026-07-30T13:06:00,,REP-001
INT-000033,CUST-0016,email,inbound,inquiry,2026-01-29T09:24:00,,REP-001
INT-000034,CUST-0017,phone,inbound,request,2025-12-02T09:22:00,840,REP-003
INT-000035,CUST-0017,phone,inbound,notification,2026-03-24T13:38:00,171,REP-001
INT-000036,CUST-0017,email,inbound,inquiry,2026-02-09T12:51:00,,REP-001
INT-000037,CUST-0017,email,inbound,general,2026-08-03T08:46:00,,REP-002
INT-000038,CUST-0018,phone,inbound,request,2026-06-28T15:34:00,819,REP-002
INT-000039,CUST-0018,phone,inbound,notification,2026-08-19T09:59:00,710,REP-002
INT-000040,CUST-0018,phone,inbound,complaint,2025-11-10T14:05:00,362,REP-002
INT-000041,CUST-0019,email,inbound,inquiry,2026-08-10T16:18:00,,REP-001
INT-000042,CUST-0019,phone,outbound,complaint,2026-06-01T17:56:00,414,REP-001
INT-000043,CUST-0020,chat,inbound,notification,2025-12-06T13:36:00,,REP-001
INT-000044,CUST-0021,phone,inbound,general,2025-11-17T11:45:00,154,REP-001
INT-000045,CUST-0021,phone,outbound,request,2025-09-16T09:02:00,247,REP-002
INT-000046,CUST-0021,chat,inbound,complaint,2025-12-14T11:49:00,,REP-002
INT-000047,CUST-0022,phone,inbound,request,2026-03-06T12:05:00,234,REP-003
INT-000048,CUST-0022,phone,inbound,general,2026-01-25T11:55:00,277,REP-001
INT-000049,CUST-0022,phone,inbound,inquiry,2025-10-30T09:24:00,478,REP-001
INT-000050,CUST-0023,phone,outbound,general,2026-05-12T12:29:00,684,REP-002
INT-000051,CUST-0024,email,inbound,inquiry,2026-07-11T13:10:00,,REP-003
INT-000052,CUST-0025,phone,inbound,general,2025-11-27T13:22:00,187,
INT-000053,CUST-0026,phone,inbound,general,2025-10-22T11:42:00,231,REP-001
INT-000054,CUST-0026,phone,inbound,inquiry,2026-05-25T12:44:00,794,
INT-000055,CUST-0027,phone,inbound,inquiry,2026-03-13T09:38:00,384,REP-003
INT-000056,CUST-0027,email,inbound,notification,2026-08-01T10:34:00,,REP-003
INT-000057,CUST-0028,email,inbound,request,2026-04-25T11:10:00,,REP-002
INT-000058,CUST-0029,phone,inbound,general,2026-05-10T15:24:00,299,REP-001
INT-000059,CUST-0029,phone,inbound,inquiry,2025-11-21T12:59:00,822,REP-002
INT-000060,CUST-0030,phone,inbound,inquiry,2026-04-03T16:14:00,900,REP-002
INT-000061,CUST-0030,phone,outbound,complaint,2025-09-30T13:53:00,569,REP-003
INT-000062,CUST-0031,phone,inbound,inquiry,2026-03-01T08:14:00,422,REP-001
INT-000063,CUST-0031,chat,outbound,inquiry,2026-02-08T08:51:00,,REP-003
INT-000064,CUST-0031,email,inbound,complaint,2026-08-08T13:25:00,,REP-001
INT-000065,CUST-0031,email,inbound,inquiry,2025-10-11T12:04:00,,REP-003
INT-000066,CUST-0032,chat,outbound,inquiry,2026-08-06T11:58:00,,REP-003
INT-000067,CUST-0032,phone,inbound,complaint,2026-07-14T17:56:00,646,
INT-000068,CUST-0032,phone,inbound,request,2026-07-06T13:13:00,596,REP-001
INT-000069,CUST-0033,phone,inbound,inquiry,2026-05-03T15:25:00,214,REP-003
INT-000070,CUST-0034,phone,inbound,inquiry,2026-01-10T15:09:00,320,REP-002
INT-000071,CUST-0034,email,inbound,general,2026-02-23T12:08:00,,REP-003
INT-000072,CUST-0034,phone,inbound,complaint,2025-11-30T11:47:00,774,REP-002
INT-000073,CUST-0035,chat,inbound,request,2025-10-04T16:34:00,,REP-002
INT-000074,CUST-0036,email,outbound,request,2026-01-08T12:47:00,,REP-002
INT-000075,CUST-0037,chat,inbound,request,2026-03-23T17:27:00,,REP-001
INT-000076,CUST-0037,phone,outbound,request,2026-06-04T17:25:00,218,
INT-000077,CUST-0037,phone,inbound,general,2025-12-19T13:14:00,665,REP-002
INT-000078,CUST-0037,phone,inbound,inquiry,2026-08-08T10:32:00,857,REP-003
INT-000079,CUST-0038,phone,inbound,general,2025-10-01T15:05:00,300,REP-003
INT-000080,CUST-0038,email,outbound,inquiry,2025-10-17T08:55:00,,REP-001
INT-000081,CUST-0038,email,inbound,general,2025-11-05T09:09:00,,REP-001
INT-000082,CUST-0038,email,inbound,request,2025-10-08T10:50:00,,REP-001
INT-000083,CUST-0039,phone,inbound,inquiry,2026-04-13T14:38:00,195,REP-002
INT-000084,CUST-0039,phone,inbound,request,2025-12-05T09:24:00,170,REP-002
INT-000085,CUST-0039,phone,inbound,request,2026-08-05T14:38:00,897,REP-001
INT-000086,CUST-0039,phone,inbound,inquiry,2025-11-11T15:33:00,661,REP-003
INT-000087,CUST-0040,email,internal_note,complaint,2026-03-20T12:35:00,,REP-001
INT-000088,CUST-0040,phone,outbound,request,2026-01-14T08:43:00,770,REP-002
INT-000089,CUST-0041,email,inbound,inquiry,2026-05-10T09:43:00,,REP-003
INT-000090,CUST-0041,chat,inbound,notification,2026-08-07T16:48:00,,REP-003
INT-000091,CUST-0041,email,outbound,general,2026-03-18T12:49:00,,REP-003
INT-000092,CUST-0041,phone,inbound,notification,2026-03-12T13:07:00,766,REP-003
INT-000093,CUST-0042,email,inbound,inquiry,2026-08-14T12:27:00,,REP-002
INT-000094,CUST-0042,phone,inbound,request,2026-01-11T10:29:00,550,REP-001
INT-000095,CUST-0042,phone,inbound,general,2025-11-07T08:46:00,738,REP-002
INT-000096,CUST-0043,phone,outbound,inquiry,2025-11-17T12:32:00,176,REP-003
INT-000097,CUST-0043,phone,inbound,inquiry,2025-11-24T10:32:00,250,REP-003
INT-000098,CUST-0043,chat,inbound,complaint,2026-05-12T09:55:00,,REP-001
INT-000099,CUST-0043,phone,inbound,general,2026-05-12T12:53:00,591,REP-001
INT-000100,CUST-0044,chat,inbound,inquiry,2026-01-17T16:38:00,,REP-003
INT-000101,CUST-0044,email,inbound,request,2025-10-23T11:09:00,,REP-001
INT-000102,CUST-0045,phone,inbound,notification,2026-03-28T13:48:00,818,REP-001
INT-000103,CUST-0046,chat,inbound,general,2025-11-07T10:34:00,,REP-001
INT-000104,CUST-0047,phone,inbound,notification,2026-03-06T16:58:00,529,REP-001
INT-000105,CUST-0047,phone,inbound,notification,2025-12-26T08:38:00,168,REP-003
INT-000106,CUST-0048,phone,inbound,general,2025-11-13T13:31:00,709,REP-002
INT-000107,CUST-0049,email,inbound,notification,2025-12-27T08:07:00,,REP-002
INT-000108,CUST-0050,phone,outbound,inquiry,2026-05-31T13:56:00,730,REP-001
INT-000109,CUST-0050,phone,inbound,inquiry,2026-03-04T12:15:00,122,REP-003
INT-000110,CUST-0050,phone,inbound,request,2026-01-19T08:15:00,216,REP-001
INT-000111,CUST-0050,phone,inbound,notification,2025-09-23T17:05:00,848,REP-001
INT-000112,CUST-0051,phone,internal_note,inquiry,2026-08-06T09:46:00,787,REP-002
INT-000113,CUST-0051,chat,inbound,request,2026-07-16T15:52:00,,REP-003
INT-000114,CUST-0052,chat,inbound,complaint,2026-04-21T09:48:00,,
INT-000115,CUST-0052,email,inbound,request,2026-03-22T16:49:00,,REP-001
INT-000116,CUST-0052,phone,inbound,inquiry,2026-06-01T10:08:00,735,REP-003
INT-000117,CUST-0052,phone,inbound,inquiry,2026-01-12T15:35:00,304,REP-003
INT-000118,CUST-0053,phone,inbound,request,2026-04-01T10:16:00,128,REP-002
INT-000119,CUST-0053,chat,inbound,request,2025-09-30T16:55:00,,REP-001
INT-000120,CUST-0053,email,outbound,inquiry,2026-05-04T17:27:00,,REP-001
INT-000121,CUST-0053,email,inbound,inquiry,2026-07-25T11:59:00,,REP-002
INT-000122,CUST-0054,phone,inbound,request,2026-06-19T16:48:00,866,REP-001
INT-000123,CUST-0055,phone,inbound,complaint,2026-08-14T11:45:00,669,REP-002
INT-000124,CUST-0055,email,inbound,notification,2026-04-17T12:25:00,,REP-002
INT-000125,CUST-0055,phone,inbound,request,2026-03-04T13:28:00,811,REP-002
INT-000126,CUST-0056,email,inbound,request,2026-01-09T16:28:00,,REP-001
INT-000127,CUST-0056,phone,outbound,inquiry,2026-05-09T09:15:00,272,REP-002
INT-000128,CUST-0056,phone,inbound,request,2026-01-14T11:04:00,460,REP-001
INT-000129,CUST-0057,phone,inbound,request,2026-02-17T13:01:00,385,REP-003
INT-000130,CUST-0057,email,internal_note,inquiry,2026-08-10T17:35:00,,REP-003
INT-000131,CUST-0057,phone,internal_note,inquiry,2026-03-16T11:37:00,691,REP-003
INT-000132,CUST-0058,phone,inbound,inquiry,2026-01-25T11:00:00,161,REP-003
INT-000133,CUST-0058,chat,inbound,inquiry,2026-01-24T09:45:00,,REP-002
INT-000134,CUST-0058,chat,inbound,general,2026-04-22T08:14:00,,REP-001
INT-000135,CUST-0058,chat,inbound,request,2025-09-25T09:57:00,,REP-002
INT-000136,CUST-0059,phone,inbound,request,2026-03-04T08:55:00,893,REP-002
INT-000137,CUST-0060,email,inbound,notification,2025-12-06T13:04:00,,REP-001
INT-000138,CUST-0060,phone,inbound,inquiry,2026-07-13T16:15:00,676,REP-002
INT-000139,CUST-0060,email,inbound,general,2026-07-19T12:42:00,,REP-002
INT-000140,CUST-0060,phone,internal_note,request,2026-02-25T15:13:00,777,REP-003
INT-000141,CUST-0061,email,inbound,notification,2025-11-30T16:08:00,,REP-003
INT-000142,CUST-0062,email,inbound,general,2026-04-15T17:36:00,,REP-001
INT-000143,CUST-0062,email,inbound,general,2025-12-17T15:15:00,,REP-003
INT-000144,CUST-0062,chat,inbound,request,2026-03-24T15:51:00,,REP-003
INT-000145,CUST-0062,email,inbound,request,2026-02-02T14:12:00,,REP-002
INT-000146,CUST-0063,email,inbound,notification,2026-01-11T09:06:00,,REP-001
INT-000147,CUST-0063,phone,inbound,inquiry,2026-05-03T14:22:00,251,REP-003
INT-000148,CUST-0063,phone,inbound,notification,2026-04-19T14:26:00,694,REP-001
INT-000149,CUST-0064,phone,inbound,complaint,2025-09-30T15:55:00,345,
INT-000150,CUST-0065,phone,inbound,notification,2026-04-21T08:43:00,311,REP-002
INT-000151,CUST-0066,phone,outbound,request,2026-05-06T09:03:00,740,REP-001
INT-000152,CUST-0067,chat,outbound,inquiry,2026-04-08T14:46:00,,REP-001
INT-000153,CUST-0067,phone,inbound,general,2025-09-19T13:51:00,219,REP-002
INT-000154,CUST-0068,email,outbound,complaint,2026-06-02T09:15:00,,REP-002
INT-000155,CUST-0068,email,inbound,inquiry,2025-10-25T11:12:00,,REP-001
INT-000156,CUST-0068,email,inbound,inquiry,2025-11-11T16:28:00,,REP-002
INT-000157,CUST-0069,chat,inbound,complaint,2026-04-18T10:27:00,,REP-002
INT-000158,CUST-0070,phone,outbound,general,2026-03-30T10:17:00,311,REP-002
INT-000159,CUST-0070,phone,inbound,notification,2026-06-30T15:15:00,654,REP-003
INT-000160,CUST-0070,phone,inbound,general,2025-12-22T09:28:00,659,REP-002
INT-000161,CUST-0070,chat,inbound,request,2026-07-17T16:06:00,,REP-003
INT-000162,CUST-0071,chat,inbound,inquiry,2026-07-31T08:41:00,,REP-002
INT-000163,CUST-0072,phone,inbound,inquiry,2026-08-01T16:53:00,711,REP-003
INT-000164,CUST-0072,phone,inbound,inquiry,2026-07-20T08:05:00,517,REP-001
INT-000165,CUST-0072,phone,inbound,inquiry,2026-04-26T11:10:00,157,REP-003
INT-000166,CUST-0072,phone,inbound,request,2025-10-18T14:31:00,651,REP-002
INT-000167,CUST-0073,chat,inbound,request,2026-01-10T15:13:00,,REP-002
INT-000168,CUST-0074,chat,inbound,inquiry,2026-05-13T14:57:00,,REP-002
INT-000169,CUST-0074,phone,inbound,inquiry,2026-02-25T08:10:00,194,REP-002
INT-000170,CUST-0075,email,internal_note,complaint,2026-02-25T14:00:00,,
INT-000171,CUST-0075,phone,outbound,request,2025-10-16T14:16:00,477,
INT-000172,CUST-0075,email,inbound,general,2025-10-09T15:18:00,,
INT-000173,CUST-0075,chat,inbound,complaint,2026-04-28T14:44:00,,REP-002
INT-000174,CUST-0076,phone,inbound,notification,2026-08-17T16:42:00,330,REP-001
INT-000175,CUST-0076,email,inbound,complaint,2026-04-07T15:09:00,,REP-003
INT-000176,CUST-0076,phone,inbound,general,2026-04-21T11:18:00,318,REP-001
INT-000177,CUST-0076,phone,inbound,inquiry,2025-10-31T11:03:00,456,REP-003
INT-000178,CUST-0077,phone,inbound,request,2026-04-08T17:47:00,381,REP-002
INT-000179,CUST-0077,phone,inbound,notification,2025-11-23T16:03:00,505,REP-002
INT-000180,CUST-0078,email,inbound,inquiry,2026-04-21T13:03:00,,REP-003
INT-000181,CUST-0078,phone,outbound,inquiry,2025-11-25T08:37:00,480,REP-002
INT-000182,CUST-0078,phone,outbound,inquiry,2026-02-26T15:32:00,798,REP-001
INT-000183,CUST-0079,phone,inbound,inquiry,2025-11-18T16:10:00,628,REP-002
INT-000184,CUST-0079,chat,inbound,inquiry,2026-08-05T08:32:00,,REP-003
INT-000185,CUST-0080,email,inbound,complaint,2026-08-03T09:54:00,,
INT-000186,CUST-0080,email,inbound,request,2026-03-29T10:04:00,,REP-003
INT-000187,CUST-0080,phone,outbound,general,2026-01-22T17:04:00,355,REP-003
INT-000188,CUST-0080,phone,inbound,request,2026-01-26T11:25:00,473,REP-001
INT-000189,CUST-0081,phone,inbound,request,2025-10-10T09:56:00,185,REP-003
INT-000190,CUST-0081,email,inbound,complaint,2026-05-20T17:15:00,,REP-003
INT-000191,CUST-0081,email,inbound,complaint,2026-06-01T17:38:00,,REP-003
INT-000192,CUST-0082,email,inbound,general,2026-05-22T08:39:00,,REP-002
INT-000193,CUST-0082,phone,inbound,inquiry,2026-07-24T09:26:00,375,REP-003
INT-000194,CUST-0082,phone,inbound,inquiry,2025-11-24T17:36:00,850,REP-002
INT-000195,CUST-0083,phone,inbound,request,2026-01-12T16:20:00,598,REP-001
INT-000196,CUST-0083,phone,inbound,request,2025-09-11T12:13:00,696,REP-001
INT-000197,CUST-0083,phone,outbound,request,2026-06-16T13:15:00,742,
INT-000198,CUST-0084,email,inbound,general,2026-07-30T12:25:00,,REP-002
INT-000199,CUST-0084,phone,internal_note,notification,2025-10-27T10:42:00,851,REP-001
INT-000200,CUST-0084,email,inbound,inquiry,2026-03-17T12:29:00,,REP-002
