payment_id,customer_id,policy_id,due_date,amount,status,paid_date,amount_paid
PAY-00000001,CUST-001,POL-000001,2026-02-27,100.00,on_time,2026-02-26,100.00
PAY-00000002,CUST-001,POL-000001,2026-03-29,100.00,on_time,2026-03-29,100.00
PAY-00000003,CUST-001,POL-000001,2026-04-28,100.00,on_time,2026-04-27,100.00
PAY-00000004,CUST-001,POL-000001,2026-05-28,100.00,on_time,2026-05-28,100.00
PAY-00000005,CUST-001,POL-000001,2026-06-27,100.00,on_time,2026-06-24,100.00
PAY-00000006,CUST-001,POL-000001,2026-07-27,100.00,on_time,2026-07-27,100.00
PAY-00000007,CUST-001,POL-000002,2026-02-27,150.00,on_time,2026-02-25,150.00
PAY-00000008,CUST-001,POL-000002,2026-03-29,150.00,on_time,2026-03-27,150.00
PAY-00000009,CUST-001,POL-000002,2026-04-28,150.00,on_time,2026-04-27,150.00
PAY-00000010,CUST-001,POL-000002,2026-05-28,150.00,on_time,2026-05-27,150.00
PAY-00000011,CUST-001,POL-000002,2026-06-27,150.00,on_time,2026-06-27,150.00
PAY-00000012,CUST-001,POL-000002,2026-07-27,150.00,on_time,2026-07-25,150.00
PAY-00000013,CUST-002,POL-000003,2026-02-27,112.50,on_time,2026-02-26,112.50
PAY-00000014,CUST-002,POL-000003,2026-03-29,112.50,on_time,2026-03-26,112.50
PAY-00000015,CUST-002,POL-000003,2026-04-28,112.50,late,2026-05-05,112.50
PAY-00000016,CUST-002,POL-000003,2026-05-28,112.50,on_time,2026-05-27,112.50
PAY-00000017,CUST-002,POL-000003,2026-06-27,112.50,on_time,2026-06-26,112.50
PAY-00000018,CUST-002,POL-000003,2026-07-27,112.50,on_time,2026-07-27,112.50
PAY-00000019,CUST-003,POL-000004,2026-02-27,91.67,on_time,2026-02-24,91.67
PAY-00000020,CUST-003,POL-000004,2026-03-29,91.67,on_time,2026-03-28,91.67
PAY-00000021,CUST-003,POL-000004,2026-04-28,91.67,on_time,2026-04-27,91.67
PAY-00000022,CUST-003,POL-000004,2026-05-28,91.67,on_time,2026-05-26,91.67
PAY-00000023,CUST-003,POL-000004,2026-06-27,91.67,on_time,2026-06-25,91.67
PAY-00000024,CUST-003,POL-000004,2026-07-27,91.67,on_time,2026-07-25,91.67
PAY-00000025,CUST-003,POL-000005,2025-08-31,412.50,on_time,2025-08-29,412.50
PAY-00000026,CUST-003,POL-000005,2025-11-29,412.50,on_time,2025-11-26,412.50
PAY-00000027,CUST-003,POL-000005,2026-02-27,412.50,on_time,2026-02-24,412.50
PAY-00000028,CUST-003,POL-000005,2026-05-28,412.50,on_time,2026-05-26,412.50
PAY-00000029,CUST-004,POL-000006,2026-02-27,116.67,on_time,2026-02-24,116.67
PAY-00000030,CUST-004,POL-000006,2026-03-29,116.67,on_time,2026-03-29,116.67
PAY-00000031,CUST-004,POL-000006,2026-04-28,116.67,on_time,2026-04-27,116.67
PAY-00000032,CUST-004,POL-000006,2026-05-28,116.67,on_time,2026-05-27,116.67
PAY-00000033,CUST-004,POL-000006,2026-06-27,116.67,on_time,2026-06-24,116.67
PAY-00000034,CUST-004,POL-000006,2026-07-27,116.67,on_time,2026-07-25,116.67
PAY-00000035,CUST-005,POL-000007,2026-02-27,158.33,on_time,2026-02-25,158.33
PAY-00000036,CUST-005,POL-000007,2026-03-29,158.33,on_time,2026-03-28,158.33
PAY-00000037,CUST-005,POL-000007,2026-04-28,158.33,on_time,2026-04-27,158.33
PAY-00000038,CUST-005,POL-000007,2026-05-28,158.33,on_time,2026-05-27,158.33
PAY-00000039,CUST-005,POL-000007,2026-06-27,158.33,on_time,2026-06-25,158.33
PAY-00000040,CUST-005,POL-000007,2026-07-27,158.33,on_time,2026-07-27,158.33
PAY-00000041,CUST-006,POL-000008,2026-02-27,104.17,on_time,2026-02-27,104.17
PAY-00000042,CUST-006,POL-000008,2026-03-29,104.17,on_time,2026-03-26,104.17
PAY-00000043,CUST-006,POL-000008,2026-04-28,104.17,on_time,2026-04-26,104.17
PAY-00000044,CUST-006,POL-000008,2026-05-28,104.17,on_time,2026-05-25,104.17
PAY-00000045,CUST-006,POL-000008,2026-06-27,104.17,on_time,2026-06-27,104.17
PAY-00000046,CUST-006,POL-000008,2026-07-27,104.17,on_time,2026-07-27,104.17
PAY-00000047,CUST-007,POL-000009,2026-02-27,175.00,on_time,2026-02-24,175.00
PAY-00000048,CUST-007,POL-000009,2026-03-29,175.00,on_time,2026-03-29,175.00
PAY-00000049,CUST-007,POL-000009,2026-04-28,175.00,on_time,2026-04-28,175.00
PAY-00000050,CUST-007,POL-000009,2026-05-28,175.00,on_time,2026-05-28,175.00
PAY-00000051,CUST-007,POL-000009,2026-06-27,175.00,on_time,2026-06-24,175.00
PAY-00000052,CUST-007,POL-000009,2026-07-27,175.00,on_time,2026-07-26,175.00
PAY-00000053,CUST-008,POL-000010,2026-02-27,125.00,on_time,2026-02-27,125.00
PAY-00000054,CUST-008,POL-000010,2026-03-29,125.00,late,2026-04-06,125.00
PAY-00000055,CUST-008,POL-000010,2026-04-28,125.00,on_time,2026-04-28,125.00
PAY-00000056,CUST-008,POL-000010,2026-05-28,125.00,late,2026-06-04,125.00
PAY-00000057,CUST-008,POL-000010,2026-06-27,125.00,late,2026-07-12,125.00
PAY-00000058,CUST-008,POL-000010,2026-07-27,125.00,grace_period,2026-08-03,125.00
PAY-00000059,CUST-009,POL-000011,2026-02-27,145.83,on_time,2026-02-26,145.83
PAY-00000060,CUST-009,POL-000011,2026-03-29,145.83,on_time,2026-03-27,145.83
PAY-00000061,CUST-009,POL-000011,2026-04-28,145.83,on_time,2026-04-27,145.83
PAY-00000062,CUST-009,POL-000011,2026-05-28,145.83,on_time,2026-05-27,145.83
PAY-00000063,CUST-009,POL-000011,2026-06-27,145.83,on_time,2026-06-24,145.83
PAY-00000064,CUST-009,POL-000011,2026-07-27,145.83,on_time,2026-07-26,145.83
PAY-00000065,CUST-010,POL-000012,2026-02-27,40.00,on_time,2026-02-24,40.00
PAY-00000066,CUST-010,POL-000012,2026-03-29,40.00,on_time,2026-03-26,40.00
PAY-00000067,CUST-010,POL-000012,2026-04-28,40.00,on_time,2026-04-27,40.00
PAY-00000068,CUST-010,POL-000012,2026-05-28,40.00,on_time,2026-05-28,40.00
PAY-00000069,CUST-010,POL-000012,2026-06-27,40.00,on_time,2026-06-27,40.00
PAY-00000070,CUST-010,POL-000012,2026-07-27,40.00,on_time,2026-07-25,40.00
PAY-00000071,CUST-011,POL-000013,2026-02-27,108.33,on_time,2026-02-25,108.33
PAY-00000072,CUST-011,POL-000013,2026-03-29,108.33,on_time,2026-03-27,108.33
PAY-00000073,CUST-011,POL-000013,2026-04-28,108.33,on_time,2026-04-25,108.33
PAY-00000074,CUST-011,POL-000013,2026-05-28,108.33,on_time,2026-05-25,108.33
PAY-00000075,CUST-011,POL-000013,2026-06-27,108.33,on_time,2026-06-24,108.33
PAY-00000076,CUST-011,POL-000013,2026-07-27,108.33,on_time,2026-07-25,108.33
PAY-00000077,CUST-011,POL-000014,2025-08-31,550.00,on_time,2025-08-28,550.00
PAY-00000078,CUST-011,POL-000014,2025-11-29,550.00,on_time,2025-11-27,550.00
PAY-00000079,CUST-011,POL-000014,2026-02-27,550.00,on_time,2026-02-27,550.00
PAY-00000080,CUST-011,POL-000014,2026-05-28,550.00,on_time,2026-05-28,550.00
PAY-00000081,CUST-011,POL-000015,2025-08-31,500.00,on_time,2025-08-29,500.00
PAY-00000082,CUST-011B,POL-000016,2026-02-27,95.83,on_time,2026-02-27,95.83
PAY-00000083,CUST-011B,POL-000016,2026-03-29,95.83,on_time,2026-03-28,95.83
PAY-00000084,CUST-011B,POL-000016,2026-04-28,95.83,on_time,2026-04-27,95.83
PAY-00000085,CUST-011B,POL-000016,2026-05-28,95.83,on_time,2026-05-26,95.83
PAY-00000086,CUST-011B,POL-000016,2026-06-27,95.83,on_time,2026-06-24,95.83
PAY-00000087,CUST-011B,POL-000016,2026-07-27,95.83,on_time,2026-07-25,95.83
PAY-00000088,CUST-012,POL-000017,2026-02-27,87.50,on_time,2026-02-25,87.50
PAY-00000089,CUST-012,POL-000017,2026-03-29,87.50,on_time,2026-03-26,87.50
PAY-00000090,CUST-012,POL-000017,2026-04-28,87.50,late,2026-05-08,87.50
PAY-00000091,CUST-012,POL-000017,2026-05-28,87.50,on_time,2026-05-26,87.50
PAY-00000092,CUST-012,POL-000017,2026-06-27,87.50,late,2026-07-09,87.50
PAY-00000093,CUST-012,POL-000017,2026-07-27,87.50,on_time,2026-07-27,87.50
PAY-00000094,CUST-012,POL-000018,2025-08-31,487.50,on_time,2025-08-30,487.50
PAY-00000095,CUST-012,POL-000018,2025-11-29,487.50,on_time,2025-11-27,487.50
PAY-00000096,CUST-012,POL-000018,2026-02-27,487.50,on_time,2026-02-26,487.50
PAY-00000097,CUST-012,POL-000018,2026-05-28,487.50,on_time,2026-05-26,487.50
PAY-00000098,CUST-011B,POL-000019,2026-05-28,39.04,on_time,2026-05-25,39.04
PAY-00000099,CUST-011B,POL-000019,2026-06-27,39.04,on_time,2026-06-24,39.04
PAY-00000100,CUST-011B,POL-000019,2026-07-27,39.04,on_time,2026-07-25,39.04
PAY-00000101,CUST-011B,POL-000020,2026-05-28,48.12,on_time,2026-05-27,48.12
PAY-00000102,CUST-011B,POL-000020,2026-06-27,48.12,on_time,2026-06-25,48.12
PAY-00000103,CUST-011B,POL-000020,2026-07-27,48.12,on_time,2026-07-24,48.12
PAY-00000104,CUST-011B,POL-000021,2026-05-28,159.51,on_time,2026-05-25,159.51
PAY-00000105,CUST-011B,POL-000021,2026-06-27,159.51,on_time,2026-06-25,159.51
PAY-00000106,CUST-011B,POL-000021,2026-07-27,159.51,late,2026-08-01,159.51
PAY-00000107,CUST-0013,POL-000022,2025-08-31,837.51,on_time,2025-08-28,837.51
PAY-00000108,CUST-0013,POL-000022,2026-02-27,837.51,on_time,2026-02-24,837.51
PAY-00000109,CUST-0013,POL-000023,2026-05-28,243.88,on_time,2026-05-28,243.88
PAY-00000110,CUST-0013,POL-000023,2026-06-27,243.88,on_time,2026-06-25,243.88
PAY-00000111,CUST-0013,POL-000023,2026-07-27,243.88,on_time,2026-07-25,243.88
PAY-00000112,CUST-0013,POL-000024,2026-05-28,117.25,late,2026-06-11,117.25
PAY-00000113,CUST-0013,POL-000024,2026-06-27,117.25,on_time,2026-06-26,117.25
PAY-00000114,CUST-0013,POL-000024,2026-07-27,117.25,on_time,2026-07-24,117.25
PAY-00000115,CUST-0013,POL-000025,2026-05-28,111.71,on_time,2026-05-25,111.71
PAY-00000116,CUST-0013,POL-000025,2026-06-27,111.71,on_time,2026-06-26,111.71
PAY-00000117,CUST-0013,POL-000025,2026-07-27,111.71,on_time,2026-07-24,111.71
PAY-00000118,CUST-0014,POL-000026,2026-05-28,156.36,on_time,2026-05-25,156.36
PAY-00000119,CUST-0014,POL-000026,2026-06-27,156.36,on_time,2026-06-27,156.36
PAY-00000120,CUST-0014,POL-000026,2026-07-27,156.36,on_time,2026-07-25,156.36
PAY-00000121,CUST-0014,POL-000027,2026-05-28,172.31,on_time,2026-05-27,172.31
PAY-00000122,CUST-0014,POL-000027,2026-06-27,172.31,on_time,2026-06-25,172.31
PAY-00000123,CUST-0014,POL-000027,2026-07-27,172.31,on_time,2026-07-26,172.31
PAY-00000124,CUST-0014,POL-000028,2025-11-29,730.30,on_time,2025-11-28,730.30
PAY-00000125,CUST-0014,POL-000028,2026-02-27,730.30,on_time,2026-02-25,730.30
PAY-00000126,CUST-0014,POL-000028,2026-05-28,730.30,on_time,2026-05-25,730.30
PAY-00000127,CUST-0015,POL-000030,2026-05-28,220.06,on_time,2026-05-28,220.06
PAY-00000128,CUST-0015,POL-000030,2026-06-27,220.06,on_time,2026-06-27,220.06
PAY-00000129,CUST-0015,POL-000030,2026-07-27,220.06,on_time,2026-07-26,220.06
PAY-00000130,CUST-0015,POL-000031,2025-11-29,81.39,on_time,2025-11-28,81.39
PAY-00000131,CUST-0015,POL-000031,2026-02-27,81.39,on_time,2026-02-26,81.39
PAY-00000132,CUST-0015,POL-000031,2026-05-28,81.39,on_time,2026-05-26,81.39
PAY-00000133,CUST-0015,POL-000032,2026-05-28,68.97,on_time,2026-05-26,68.97
PAY-00000134,CUST-0015,POL-000032,2026-06-27,68.97,on_time,2026-06-26,68.97
PAY-00000135,CUST-0015,POL-000032,2026-07-27,68.97,on_time,2026-07-27,68.97
PAY-00000136,CUST-0016,POL-000033,2025-11-29,443.93,on_time,2025-11-28,443.93
PAY-00000137,CUST-0016,POL-000033,2026-02-27,443.93,on_time,2026-02-25,443.93
PAY-00000138,CUST-0016,POL-000033,2026-05-28,443.93,on_time,2026-05-26,443.93
PAY-00000139,CUST-0016,POL-000034,2026-05-28,231.33,on_time,2026-05-26,231.33
PAY-00000140,CUST-0016,POL-000034,2026-06-27,231.33,on_time,2026-06-26,231.33
PAY-00000141,CUST-0016,POL-000034,2026-07-27,231.33,on_time,2026-07-26,231.33
PAY-00000142,CUST-0016,POL-000036,2025-11-29,161.16,on_time,2025-11-28,161.16
PAY-00000143,CUST-0016,POL-000036,2026-02-27,161.16,on_time,2026-02-27,161.16
PAY-00000144,CUST-0016,POL-000036,2026-05-28,161.16,on_time,2026-05-27,161.16
PAY-00000145,CUST-0017,POL-000037,2025-11-29,597.34,on_time,2025-11-26,597.34
PAY-00000146,CUST-0017,POL-000037,2026-02-27,597.34,on_time,2026-02-27,597.34
PAY-00000147,CUST-0017,POL-000037,2026-05-28,597.34,on_time,2026-05-27,597.34
PAY-00000148,CUST-0017,POL-000038,2026-05-28,58.26,on_time,2026-05-26,58.26
PAY-00000149,CUST-0017,POL-000038,2026-06-27,58.26,on_time,2026-06-25,58.26
PAY-00000150,CUST-0017,POL-000038,2026-07-27,58.26,on_time,2026-07-26,58.26
PAY-00000151,CUST-0017,POL-000039,2025-11-29,313.03,on_time,2025-11-29,313.03
PAY-00000152,CUST-0017,POL-000039,2026-02-27,313.03,on_time,2026-02-27,313.03
PAY-00000153,CUST-0017,POL-000039,2026-05-28,313.03,on_time,2026-05-26,313.03
PAY-00000154,CUST-0017,POL-000040,2025-08-31,1442.80,on_time,2025-08-31,1442.80
PAY-00000155,CUST-0017,POL-000040,2026-02-27,1442.80,on_time,2026-02-25,1442.80
PAY-00000156,CUST-0018,POL-000041,2025-08-31,726.75,on_time,2025-08-28,726.75
PAY-00000157,CUST-0018,POL-000041,2026-02-27,726.75,on_time,2026-02-24,726.75
PAY-00000158,CUST-0018,POL-000042,2026-05-28,114.50,on_time,2026-05-27,114.50
PAY-00000159,CUST-0018,POL-000042,2026-06-27,114.50,on_time,2026-06-27,114.50
PAY-00000160,CUST-0018,POL-000042,2026-07-27,114.50,on_time,2026-07-27,114.50
PAY-00000161,CUST-0018,POL-000043,2025-08-31,171.11,on_time,2025-08-29,171.11
PAY-00000162,CUST-0018,POL-000043,2026-02-27,171.11,on_time,2026-02-24,171.11
PAY-00000163,CUST-0018,POL-000044,2026-05-28,117.63,on_time,2026-05-26,117.63
PAY-00000164,CUST-0018,POL-000044,2026-06-27,117.63,on_time,2026-06-26,117.63
PAY-00000165,CUST-0018,POL-000044,2026-07-27,117.63,on_time,2026-07-27,117.63
PAY-00000166,CUST-0019,POL-000045,2026-05-28,124.75,on_time,2026-05-25,124.75
PAY-00000167,CUST-0019,POL-000045,2026-06-27,124.75,on_time,2026-06-27,124.75
PAY-00000168,CUST-0019,POL-000045,2026-07-27,124.75,on_time,2026-07-26,124.75
PAY-00000169,CUST-0019,POL-000046,2026-05-28,166.26,on_time,2026-05-28,166.26
PAY-00000170,CUST-0019,POL-000046,2026-06-27,166.26,on_time,2026-06-26,166.26
PAY-00000171,CUST-0019,POL-000046,2026-07-27,166.26,on_time,2026-07-25,166.26
PAY-00000172,CUST-0019,POL-000047,2026-05-28,68.59,on_time,2026-05-28,68.59
PAY-00000173,CUST-0019,POL-000047,2026-06-27,68.59,on_time,2026-06-24,68.59
PAY-00000174,CUST-0019,POL-000047,2026-07-27,68.59,on_time,2026-07-27,68.59
PAY-00000175,CUST-0020,POL-000048,2026-05-28,75.61,on_time,2026-05-28,75.61
PAY-00000176,CUST-0020,POL-000048,2026-06-27,75.61,on_time,2026-06-26,75.61
PAY-00000177,CUST-0020,POL-000048,2026-07-27,75.61,on_time,2026-07-24,75.61
PAY-00000178,CUST-0020,POL-000049,2025-11-29,281.77,on_time,2025-11-26,281.77
PAY-00000179,CUST-0020,POL-000049,2026-02-27,281.77,on_time,2026-02-24,281.77
PAY-00000180,CUST-0020,POL-000049,2026-05-28,281.77,on_time,2026-05-26,281.77
PAY-00000181,CUST-0021,POL-000050,2026-05-28,240.24,on_time,2026-05-27,240.24
PAY-00000182,CUST-0021,POL-000050,2026-06-27,240.24,on_time,2026-06-26,240.24
PAY-00000183,CUST-0021,POL-000050,2026-07-27,240.24,on_time,2026-07-24,240.24
PAY-00000184,CUST-0021,POL-000052,2026-05-28,230.50,on_time,2026-05-26,230.50
PAY-00000185,CUST-0021,POL-000052,2026-06-27,230.50,on_time,2026-06-27,230.50
PAY-00000186,CUST-0021,POL-000052,2026-07-27,230.50,on_time,2026-07-24,230.50
PAY-00000187,CUST-0021,POL-000053,2026-05-28,237.45,on_time,2026-05-26,237.45
PAY-00000188,CUST-0021,POL-000053,2026-06-27,237.45,on_time,2026-06-25,237.45
PAY-00000189,CUST-0021,POL-000053,2026-07-27,237.45,on_time,2026-07-26,237.45
PAY-00000190,CUST-0022,POL-000054,2026-05-28,26.07,on_time,2026-05-26,26.07
PAY-00000191,CUST-0022,POL-000054,2026-06-27,26.07,on_time,2026-06-24,26.07
PAY-00000192,CUST-0022,POL-000054,2026-07-27,26.07,on_time,2026-07-27,26.07
PAY-00000193,CUST-0022,POL-000055,2025-08-31,1971.55,late,2025-09-14,1971.55
PAY-00000194,CUST-0022,POL-000056,2026-05-28,35.84,on_time,2026-05-26,35.84
PAY-00000195,CUST-0022,POL-000056,2026-06-27,35.84,on_time,2026-06-25,35.84
PAY-00000196,CUST-0022,POL-000056,2026-07-27,35.84,on_time,2026-07-27,35.84
PAY-00000197,CUST-0022,POL-000057,2026-05-28,51.28,on_time,2026-05-27,51.28
PAY-00000198,CUST-0022,POL-000057,2026-06-27,51.28,on_time,2026-06-25,51.28
PAY-00000199,CUST-0022,POL-000057,2026-07-27,51.28,on_time,2026-07-25,51.28
PAY-00000200,CUST-0023,POL-000059,2026-05-28,229.30,on_time,2026-05-27,229.30
PAY-00000201,CUST-0023,POL-000059,2026-06-27,229.30,on_time,2026-06-26,229.30
PAY-00000202,CUST-0023,POL-000059,2026-07-27,229.30,on_time,2026-07-24,229.30
PAY-00000203,CUST-0024,POL-000060,2025-08-31,1277.39,on_time,2025-08-31,1277.39
PAY-00000204,CUST-0024,POL-000061,2026-05-28,55.81,on_time,2026-05-25,55.81
PAY-00000205,CUST-0024,POL-000061,2026-06-27,55.81,on_time,2026-06-24,55.81
PAY-00000206,CUST-0024,POL-000061,2026-07-27,55.81,on_time,2026-07-26,55.81
PAY-00000207,CUST-0024,POL-000062,2025-11-29,392.92,on_time,2025-11-28,392.92
PAY-00000208,CUST-0024,POL-000062,2026-02-27,392.92,on_time,2026-02-25,392.92
PAY-00000209,CUST-0024,POL-000062,2026-05-28,392.92,on_time,2026-05-27,392.92
PAY-00000210,CUST-0024,POL-000063,2025-08-31,246.27,on_time,2025-08-28,246.27
PAY-00000211,CUST-0024,POL-000063,2026-02-27,246.27,on_time,2026-02-24,246.27
PAY-00000212,CUST-0025,POL-000064,2026-05-28,49.49,on_time,2026-05-25,49.49
PAY-00000213,CUST-0025,POL-000064,2026-06-27,49.49,on_time,2026-06-27,49.49
PAY-00000214,CUST-0025,POL-000064,2026-07-27,49.49,on_time,2026-07-27,49.49
PAY-00000215,CUST-0026,POL-000065,2025-11-29,266.81,on_time,2025-11-27,266.81
PAY-00000216,CUST-0026,POL-000065,2026-02-27,266.81,on_time,2026-02-27,266.81
PAY-00000217,CUST-0026,POL-000065,2026-05-28,266.81,on_time,2026-05-25,266.81
PAY-00000218,CUST-0026,POL-000066,2025-11-29,385.77,on_time,2025-11-26,385.77
PAY-00000219,CUST-0026,POL-000066,2026-02-27,385.77,on_time,2026-02-25,385.77
PAY-00000220,CUST-0026,POL-000066,2026-05-28,385.77,on_time,2026-05-28,385.77
PAY-00000221,CUST-0026,POL-000067,2025-08-31,293.68,on_time,2025-08-28,293.68
PAY-00000222,CUST-0026,POL-000067,2026-02-27,293.68,on_time,2026-02-26,293.68
PAY-00000223,CUST-0027,POL-000068,2025-08-31,1253.45,on_time,2025-08-29,1253.45
PAY-00000224,CUST-0027,POL-000069,2025-08-31,574.39,on_time,2025-08-30,574.39
PAY-00000225,CUST-0028,POL-000071,2025-11-29,157.41,on_time,2025-11-27,157.41
PAY-00000226,CUST-0028,POL-000071,2026-02-27,157.41,on_time,2026-02-26,157.41
PAY-00000227,CUST-0028,POL-000071,2026-05-28,157.41,on_time,2026-05-27,157.41
PAY-00000228,CUST-0028,POL-000073,2026-05-28,133.83,on_time,2026-05-27,133.83
PAY-00000229,CUST-0028,POL-000073,2026-06-27,133.83,on_time,2026-06-27,133.83
PAY-00000230,CUST-0028,POL-000073,2026-07-27,133.83,on_time,2026-07-27,133.83
PAY-00000231,CUST-0029,POL-000074,2026-05-28,237.55,on_time,2026-05-27,237.55
PAY-00000232,CUST-0029,POL-000074,2026-06-27,237.55,on_time,2026-06-27,237.55
PAY-00000233,CUST-0029,POL-000074,2026-07-27,237.55,on_time,2026-07-25,237.55
PAY-00000234,CUST-0029,POL-000075,2026-05-28,83.75,on_time,2026-05-25,83.75
PAY-00000235,CUST-0029,POL-000075,2026-06-27,83.75,on_time,2026-06-27,83.75
PAY-00000236,CUST-0029,POL-000075,2026-07-27,83.75,on_time,2026-07-26,83.75
PAY-00000237,CUST-0029,POL-000076,2026-05-28,115.09,on_time,2026-05-25,115.09
PAY-00000238,CUST-0029,POL-000076,2026-06-27,115.09,on_time,2026-06-27,115.09
PAY-00000239,CUST-0029,POL-000076,2026-07-27,115.09,on_time,2026-07-26,115.09
PAY-00000240,CUST-0029,POL-000077,2026-05-28,121.02,on_time,2026-05-26,121.02
PAY-00000241,CUST-0029,POL-000077,2026-06-27,121.02,on_time,2026-06-24,121.02
PAY-00000242,CUST-0029,POL-000077,2026-07-27,121.02,on_time,2026-07-26,121.02
PAY-00000243,CUST-0030,POL-000078,2026-05-28,247.94,on_time,2026-05-28,247.94
PAY-00000244,CUST-0030,POL-000078,2026-06-27,247.94,on_time,2026-06-25,247.94
PAY-00000245,CUST-0030,POL-000078,2026-07-27,247.94,on_time,2026-07-25,247.94
PAY-00000246,CUST-0030,POL-000079,2025-11-29,433.12,on_time,2025-11-29,433.12
PAY-00000247,CUST-0030,POL-000079,2026-02-27,433.12,on_time,2026-02-26,433.12
PAY-00000248,CUST-0030,POL-000079,2026-05-28,433.12,on_time,2026-05-27,433.12
PAY-00000249,CUST-0031,POL-000080,2026-05-28,190.94,on_time,2026-05-27,190.94
PAY-00000250,CUST-0031,POL-000080,2026-06-27,190.94,on_time,2026-06-26,190.94
PAY-00000251,CUST-0031,POL-000080,2026-07-27,190.94,on_time,2026-07-27,190.94
PAY-00000252,CUST-0032,POL-000083,2025-11-29,135.45,on_time,2025-11-29,135.45
PAY-00000253,CUST-0032,POL-000083,2026-02-27,135.45,on_time,2026-02-27,135.45
PAY-00000254,CUST-0032,POL-000083,2026-05-28,135.45,on_time,2026-05-27,135.45
PAY-00000255,CUST-0032,POL-000084,2026-05-28,92.62,on_time,2026-05-27,92.62
PAY-00000256,CUST-0032,POL-000084,2026-06-27,92.62,on_time,2026-06-27,92.62
PAY-00000257,CUST-0032,POL-000084,2026-07-27,92.62,on_time,2026-07-26,92.62
PAY-00000258,CUST-0032,POL-000085,2026-05-28,83.18,on_time,2026-05-26,83.18
PAY-00000259,CUST-0032,POL-000085,2026-06-27,83.18,on_time,2026-06-26,83.18
PAY-00000260,CUST-0032,POL-000085,2026-07-27,83.18,on_time,2026-07-24,83.18
PAY-00000261,CUST-0033,POL-000086,2025-08-31,743.16,on_time,2025-08-30,743.16
PAY-00000262,CUST-0033,POL-000086,2026-02-27,743.16,on_time,2026-02-27,743.16
PAY-00000263,CUST-0033,POL-000087,2025-11-29,520.37,on_time,2025-11-27,520.37
PAY-00000264,CUST-0033,POL-000087,2026-02-27,520.37,on_time,2026-02-27,520.37
PAY-00000265,CUST-0033,POL-000087,2026-05-28,520.37,on_time,2026-05-27,520.37
PAY-00000266,CUST-0033,POL-000088,2026-05-28,169.12,on_time,2026-05-27,169.12
PAY-00000267,CUST-0033,POL-000088,2026-06-27,169.12,on_time,2026-06-26,169.12
PAY-00000268,CUST-0033,POL-000088,2026-07-27,169.12,on_time,2026-07-27,169.12
PAY-00000269,CUST-0033,POL-000089,2026-05-28,81.36,on_time,2026-05-27,81.36
PAY-00000270,CUST-0033,POL-000089,2026-06-27,81.36,on_time,2026-06-25,81.36
PAY-00000271,CUST-0033,POL-000089,2026-07-27,81.36,on_time,2026-07-25,81.36
PAY-00000272,CUST-0035,POL-000092,2026-05-28,150.71,late,2026-06-08,150.71
PAY-00000273,CUST-0035,POL-000092,2026-06-27,150.71,on_time,2026-06-24,150.71
PAY-00000274,CUST-0035,POL-000092,2026-07-27,150.71,on_time,2026-07-26,150.71
PAY-00000275,CUST-0035,POL-000093,2025-08-31,1214.88,on_time,2025-08-31,1214.88
PAY-00000276,CUST-0035,POL-000093,2026-02-27,1214.88,on_time,2026-02-24,1214.88
PAY-00000277,CUST-0036,POL-000094,2025-08-31,164.74,on_time,2025-08-28,164.74
PAY-00000278,CUST-0036,POL-000094,2026-02-27,164.74,on_time,2026-02-24,164.74
PAY-00000279,CUST-0036,POL-000095,2026-05-28,91.10,on_time,2026-05-27,91.10
PAY-00000280,CUST-0036,POL-000095,2026-06-27,91.10,on_time,2026-06-24,91.10
PAY-00000281,CUST-0036,POL-000095,2026-07-27,91.10,on_time,2026-07-26,91.10
PAY-00000282,CUST-0036,POL-000096,2025-11-29,550.15,on_time,2025-11-26,550.15
PAY-00000283,CUST-0036,POL-000096,2026-02-27,550.15,on_time,2026-02-24,550.15
PAY-00000284,CUST-0036,POL-000096,2026-05-28,550.15,on_time,2026-05-26,550.15
PAY-00000285,CUST-0037,POL-000098,2026-05-28,71.47,on_time,2026-05-27,71.47
PAY-00000286,CUST-0037,POL-000098,2026-06-27,71.47,on_time,2026-06-27,71.47
PAY-00000287,CUST-0037,POL-000098,2026-07-27,71.47,on_time,2026-07-24,71.47
PAY-00000288,CUST-0037,POL-000099,2026-05-28,218.74,on_time,2026-05-28,218.74
PAY-00000289,CUST-0037,POL-000099,2026-06-27,218.74,on_time,2026-06-26,218.74
PAY-00000290,CUST-0037,POL-000099,2026-07-27,218.74,on_time,2026-07-26,218.74
PAY-00000291,CUST-0038,POL-000100,2025-11-29,439.45,on_time,2025-11-26,439.45
PAY-00000292,CUST-0038,POL-000100,2026-02-27,439.45,on_time,2026-02-27,439.45
PAY-00000293,CUST-0038,POL-000100,2026-05-28,439.45,on_time,2026-05-27,439.45
PAY-00000294,CUST-0038,POL-000101,2026-05-28,61.35,on_time,2026-05-28,61.35
PAY-00000295,CUST-0038,POL-000101,2026-06-27,61.35,on_time,2026-06-24,61.35
PAY-00000296,CUST-0038,POL-000101,2026-07-27,61.35,on_time,2026-07-26,61.35
PAY-00000297,CUST-0038,POL-000102,2026-05-28,39.41,on_time,2026-05-28,39.41
PAY-00000298,CUST-0038,POL-000102,2026-06-27,39.41,on_time,2026-06-26,39.41
PAY-00000299,CUST-0038,POL-000102,2026-07-27,39.41,on_time,2026-07-27,39.41
PAY-00000300,CUST-0038,POL-000103,2026-05-28,125.56,on_time,2026-05-27,125.56
PAY-00000301,CUST-0038,POL-000103,2026-06-27,125.56,on_time,2026-06-24,125.56
PAY-00000302,CUST-0038,POL-000103,2026-07-27,125.56,on_time,2026-07-27,125.56
PAY-00000303,CUST-0039,POL-000104,2026-05-28,110.95,on_time,2026-05-25,110.95
PAY-00000304,CUST-0039,POL-000104,2026-06-27,110.95,on_time,2026-06-27,110.95
PAY-00000305,CUST-0039,POL-000104,2026-07-27,110.95,on_time,2026-07-24,110.95
PAY-00000306,CUST-0040,POL-000105,2026-05-28,163.00,on_time,2026-05-25,163.00
PAY-00000307,CUST-0040,POL-000105,2026-06-27,163.00,on_time,2026-06-25,163.00
PAY-00000308,CUST-0040,POL-000105,2026-07-27,163.00,on_time,2026-07-24,163.00
PAY-00000309,CUST-0040,POL-000107,2025-11-29,473.75,on_time,2025-11-26,473.75
PAY-00000310,CUST-0040,POL-000107,2026-02-27,473.75,on_time,2026-02-24,473.75
PAY-00000311,CUST-0040,POL-000107,2026-05-28,473.75,on_time,2026-05-28,473.75
PAY-00000312,CUST-0041,POL-000108,2025-08-31,285.30,on_time,2025-08-28,285.30
PAY-00000313,CUST-0041,POL-000108,2026-02-27,285.30,on_time,2026-02-24,285.30
PAY-00000314,CUST-0041,POL-000109,2025-08-31,338.90,on_time,2025-08-30,338.90
PAY-00000315,CUST-0042,POL-000110,2026-05-28,33.68,on_time,2026-05-26,33.68
PAY-00000316,CUST-0042,POL-000110,2026-06-27,33.68,on_time,2026-06-26,33.68
PAY-00000317,CUST-0042,POL-000110,2026-07-27,33.68,on_time,2026-07-26,33.68
PAY-00000318,CUST-0042,POL-000112,2026-05-28,73.55,on_time,2026-05-26,73.55
PAY-00000319,CUST-0042,POL-000112,2026-06-27,73.55,on_time,2026-06-27,73.55
PAY-00000320,CUST-0042,POL-000112,2026-07-27,73.55,on_time,2026-07-27,73.55
PAY-00000321,CUST-0042,POL-000113,2026-05-28,39.37,on_time,2026-05-26,39.37
PAY-00000322,CUST-0042,POL-000113,2026-06-27,39.37,on_time,2026-06-27,39.37
PAY-00000323,CUST-0042,POL-000113,2026-07-27,39.37,on_time,2026-07-26,39.37
PAY-00000324,CUST-0043,POL-000115,2026-05-28,180.21,on_time,2026-05-27,180.21
PAY-00000325,CUST-0043,POL-000115,2026-06-27,180.21,on_time,2026-06-25,180.21
PAY-00000326,CUST-0043,POL-000115,2026-07-27,180.21,on_time,2026-07-26,180.21
PAY-00000327,CUST-0043,POL-000116,2025-08-31,432.60,on_time,2025-08-28,432.60
PAY-00000328,CUST-0043,POL-000116,2026-02-27,432.60,on_time,2026-02-25,432.60
PAY-00000329,CUST-0044,POL-000117,2025-08-31,242.42,on_time,2025-08-28,242.42
PAY-00000330,CUST-0044,POL-000117,2026-02-27,242.42,on_time,2026-02-25,242.42
PAY-00000331,CUST-0044,POL-000118,2026-05-28,192.62,on_time,2026-05-27,192.62
PAY-00000332,CUST-0044,POL-000118,2026-06-27,192.62,on_time,2026-06-27,192.62
PAY-00000333,CUST-0044,POL-000118,2026-07-27,192.62,on_time,2026-07-24,192.62
PAY-00000334,CUST-0044,POL-000119,2026-05-28,44.16,on_time,2026-05-27,44.16
PAY-00000335,CUST-0044,POL-000119,2026-06-27,44.16,on_time,2026-06-25,44.16
PAY-00000336,CUST-0044,POL-000119,2026-07-27,44.16,on_time,2026-07-24,44.16
PAY-00000337,CUST-0045,POL-000120,2025-08-31,1154.24,on_time,2025-08-29,1154.24
PAY-00000338,CUST-0045,POL-000120,2026-02-27,1154.24,on_time,2026-02-24,1154.24
PAY-00000339,CUST-0045,POL-000121,2025-08-31,1521.97,on_time,2025-08-30,1521.97
PAY-00000340,CUST-0045,POL-000122,2026-05-28,123.54,on_time,2026-05-27,123.54
PAY-00000341,CUST-0045,POL-000122,2026-06-27,123.54,on_time,2026-06-26,123.54
PAY-00000342,CUST-0045,POL-000122,2026-07-27,123.54,on_time,2026-07-25,123.54
PAY-00000343,CUST-0045,POL-000123,2026-05-28,199.71,on_time,2026-05-28,199.71
PAY-00000344,CUST-0045,POL-000123,2026-06-27,199.71,on_time,2026-06-27,199.71
PAY-00000345,CUST-0045,POL-000123,2026-07-27,199.71,on_time,2026-07-25,199.71
PAY-00000346,CUST-0046,POL-000124,2026-05-28,109.47,on_time,2026-05-27,109.47
PAY-00000347,CUST-0046,POL-000124,2026-06-27,109.47,on_time,2026-06-24,109.47
PAY-00000348,CUST-0046,POL-000124,2026-07-27,109.47,on_time,2026-07-24,109.47
PAY-00000349,CUST-0046,POL-000125,2025-11-29,652.40,on_time,2025-11-27,652.40
PAY-00000350,CUST-0046,POL-000125,2026-02-27,652.40,on_time,2026-02-27,652.40
PAY-00000351,CUST-0046,POL-000125,2026-05-28,652.40,on_time,2026-05-27,652.40
PAY-00000352,CUST-0046,POL-000126,2025-11-29,396.78,on_time,2025-11-27,396.78
PAY-00000353,CUST-0046,POL-000126,2026-02-27,396.78,on_time,2026-02-27,396.78
PAY-00000354,CUST-0046,POL-000126,2026-05-28,396.78,on_time,2026-05-26,396.78
PAY-00000355,CUST-0046,POL-000127,2025-08-31,941.19,on_time,2025-08-29,941.19
PAY-00000356,CUST-0047,POL-000129,2026-05-28,131.84,on_time,2026-05-28,131.84
PAY-00000357,CUST-0047,POL-000129,2026-06-27,131.84,on_time,2026-06-25,131.84
PAY-00000358,CUST-0047,POL-000129,2026-07-27,131.84,on_time,2026-07-25,131.84
PAY-00000359,CUST-0047,POL-000130,2025-08-31,2775.65,on_time,2025-08-30,2775.65
PAY-00000360,CUST-0047,POL-000131,2026-05-28,81.04,on_time,2026-05-27,81.04
PAY-00000361,CUST-0047,POL-000131,2026-06-27,81.04,on_time,2026-06-27,81.04
PAY-00000362,CUST-0047,POL-000131,2026-07-27,81.04,on_time,2026-07-26,81.04
PAY-00000363,CUST-0048,POL-000132,2026-05-28,111.22,on_time,2026-05-26,111.22
PAY-00000364,CUST-0048,POL-000132,2026-06-27,111.22,on_time,2026-06-26,111.22
PAY-00000365,CUST-0048,POL-000132,2026-07-27,111.22,on_time,2026-07-24,111.22
PAY-00000366,CUST-0049,POL-000133,2025-11-29,419.85,on_time,2025-11-27,419.85
PAY-00000367,CUST-0049,POL-000133,2026-02-27,419.85,on_time,2026-02-27,419.85
PAY-00000368,CUST-0049,POL-000133,2026-05-28,419.85,on_time,2026-05-26,419.85
PAY-00000369,CUST-0049,POL-000134,2026-05-28,241.92,on_time,2026-05-25,241.92
PAY-00000370,CUST-0049,POL-000134,2026-06-27,241.92,on_time,2026-06-26,241.92
PAY-00000371,CUST-0049,POL-000134,2026-07-27,241.92,on_time,2026-07-27,241.92
PAY-00000372,CUST-0049,POL-000135,2025-11-29,163.53,on_time,2025-11-26,163.53
PAY-00000373,CUST-0049,POL-000135,2026-02-27,163.53,on_time,2026-02-26,163.53
PAY-00000374,CUST-0049,POL-000135,2026-05-28,163.53,on_time,2026-05-28,163.53
PAY-00000375,CUST-0050,POL-000137,2026-05-28,83.95,on_time,2026-05-28,83.95
PAY-00000376,CUST-0050,POL-000137,2026-06-27,83.95,on_time,2026-06-24,83.95
PAY-00000377,CUST-0050,POL-000137,2026-07-27,83.95,on_time,2026-07-24,83.95
PAY-00000378,CUST-0050,POL-000138,2026-05-28,54.45,on_time,2026-05-25,54.45
PAY-00000379,CUST-0050,POL-000138,2026-06-27,54.45,on_time,2026-06-26,54.45
PAY-00000380,CUST-0050,POL-000138,2026-07-27,54.45,on_time,2026-07-25,54.45
PAY-00000381,CUST-0050,POL-000140,2026-05-28,164.04,on_time,2026-05-25,164.04
PAY-00000382,CUST-0050,POL-000140,2026-06-27,164.04,on_time,2026-06-27,164.04
PAY-00000383,CUST-0050,POL-000140,2026-07-27,164.04,on_time,2026-07-25,164.04
PAY-00000384,CUST-0051,POL-000141,2025-08-31,176.15,on_time,2025-08-30,176.15
PAY-00000385,CUST-0051,POL-000141,2026-02-27,176.15,on_time,2026-02-27,176.15
PAY-00000386,CUST-0051,POL-000142,2026-05-28,142.69,on_time,2026-05-28,142.69
PAY-00000387,CUST-0051,POL-000142,2026-06-27,142.69,on_time,2026-06-26,142.69
PAY-00000388,CUST-0051,POL-000142,2026-07-27,142.69,on_time,2026-07-24,142.69
PAY-00000389,CUST-0052,POL-000143,2026-05-28,86.52,on_time,2026-05-25,86.52
PAY-00000390,CUST-0052,POL-000143,2026-06-27,86.52,on_time,2026-06-25,86.52
PAY-00000391,CUST-0052,POL-000143,2026-07-27,86.52,on_time,2026-07-25,86.52
PAY-00000392,CUST-0052,POL-000144,2026-05-28,156.14,on_time,2026-05-27,156.14
PAY-00000393,CUST-0052,POL-000144,2026-06-27,156.14,on_time,2026-06-25,156.14
PAY-00000394,CUST-0052,POL-000144,2026-07-27,156.14,on_time,2026-07-26,156.14
PAY-00000395,CUST-0052,POL-000145,2026-05-28,105.91,on_time,2026-05-26,105.91
PAY-00000396,CUST-0052,POL-000145,2026-06-27,105.91,on_time,2026-06-25,105.91
PAY-00000397,CUST-0052,POL-000145,2026-07-27,105.91,on_time,2026-07-27,105.91
PAY-00000398,CUST-0052,POL-000146,2025-11-29,426.44,on_time,2025-11-26,426.44
PAY-00000399,CUST-0052,POL-000146,2026-02-27,426.44,on_time,2026-02-25,426.44
PAY-00000400,CUST-0052,POL-000146,2026-05-28,426.44,on_time,2026-05-27,426.44
PAY-00000401,CUST-0053,POL-000147,2025-08-31,477.92,on_time,2025-08-29,477.92
PAY-00000402,CUST-0054,POL-000148,2026-05-28,108.38,on_time,2026-05-26,108.38
PAY-00000403,CUST-0054,POL-000148,2026-06-27,108.38,on_time,2026-06-26,108.38
PAY-00000404,CUST-0054,POL-000148,2026-07-27,108.38,on_time,2026-07-25,108.38
PAY-00000405,CUST-0054,POL-000149,2026-05-28,30.03,on_time,2026-05-28,30.03
PAY-00000406,CUST-0054,POL-000149,2026-06-27,30.03,on_time,2026-06-27,30.03
PAY-00000407,CUST-0054,POL-000149,2026-07-27,30.03,on_time,2026-07-24,30.03
PAY-00000408,CUST-0055,POL-000150,2025-08-31,2487.55,on_time,2025-08-30,2487.55
PAY-00000409,CUST-0055,POL-000151,2025-11-29,649.83,on_time,2025-11-26,649.83
PAY-00000410,CUST-0055,POL-000151,2026-02-27,649.83,on_time,2026-02-26,649.83
PAY-00000411,CUST-0055,POL-000151,2026-05-28,649.83,on_time,2026-05-27,649.83
PAY-00000412,CUST-0055,POL-000152,2025-08-31,585.36,on_time,2025-08-31,585.36
PAY-00000413,CUST-0056,POL-000153,2026-05-28,127.22,on_time,2026-05-26,127.22
PAY-00000414,CUST-0056,POL-000153,2026-06-27,127.22,on_time,2026-06-26,127.22
PAY-00000415,CUST-0056,POL-000153,2026-07-27,127.22,on_time,2026-07-24,127.22
PAY-00000416,CUST-0057,POL-000154,2025-11-29,123.45,on_time,2025-11-29,123.45
PAY-00000417,CUST-0057,POL-000154,2026-02-27,123.45,on_time,2026-02-25,123.45
PAY-00000418,CUST-0057,POL-000154,2026-05-28,123.45,on_time,2026-05-26,123.45
PAY-00000419,CUST-0057,POL-000155,2025-11-29,223.59,on_time,2025-11-26,223.59
PAY-00000420,CUST-0057,POL-000155,2026-02-27,223.59,on_time,2026-02-27,223.59
PAY-00000421,CUST-0057,POL-000155,2026-05-28,223.59,on_time,2026-05-25,223.59
PAY-00000422,CUST-0057,POL-000156,2026-05-28,72.22,on_time,2026-05-25,72.22
PAY-00000423,CUST-0057,POL-000156,2026-06-27,72.22,on_time,2026-06-24,72.22
PAY-00000424,CUST-0057,POL-000156,2026-07-27,72.22,on_time,2026-07-25,72.22
PAY-00000425,CUST-0057,POL-000157,2026-05-28,25.74,on_time,2026-05-27,25.74
PAY-00000426,CUST-0057,POL-000157,2026-06-27,25.74,on_time,2026-06-27,25.74
PAY-00000427,CUST-0057,POL-000157,2026-07-27,25.74,on_time,2026-07-25,25.74
PAY-00000428,CUST-0058,POL-000158,2026-05-28,128.17,on_time,2026-05-27,128.17
PAY-00000429,CUST-0058,POL-000158,2026-06-27,128.17,on_time,2026-06-26,128.17
PAY-00000430,CUST-0058,POL-000158,2026-07-27,128.17,on_time,2026-07-25,128.17
PAY-00000431,CUST-0059,POL-000160,2026-05-28,83.86,on_time,2026-05-28,83.86
PAY-00000432,CUST-0059,POL-000160,2026-06-27,83.86,on_time,2026-06-25,83.86
PAY-00000433,CUST-0059,POL-000160,2026-07-27,83.86,on_time,2026-07-24,83.86
PAY-00000434,CUST-0060,POL-000161,2026-05-28,43.16,on_time,2026-05-26,43.16
PAY-00000435,CUST-0060,POL-000161,2026-06-27,43.16,on_time,2026-06-26,43.16
PAY-00000436,CUST-0060,POL-000161,2026-07-27,43.16,on_time,2026-07-27,43.16
PAY-00000437,CUST-0060,POL-000162,2025-08-31,495.90,on_time,2025-08-28,495.90
PAY-00000438,CUST-0060,POL-000162,2026-02-27,495.90,on_time,2026-02-26,495.90
PAY-00000439,CUST-0060,POL-000163,2026-05-28,34.02,on_time,2026-05-26,34.02
PAY-00000440,CUST-0060,POL-000163,2026-06-27,34.02,on_time,2026-06-26,34.02
PAY-00000441,CUST-0060,POL-000163,2026-07-27,34.02,on_time,2026-07-27,34.02
PAY-00000442,CUST-0061,POL-000164,2026-05-28,75.14,on_time,2026-05-28,75.14
PAY-00000443,CUST-0061,POL-000164,2026-06-27,75.14,on_time,2026-06-26,75.14
PAY-00000444,CUST-0061,POL-000164,2026-07-27,75.14,on_time,2026-07-24,75.14
PAY-00000445,CUST-0061,POL-000165,2025-08-31,521.47,on_time,2025-08-31,521.47
PAY-00000446,CUST-0061,POL-000165,2026-02-27,521.47,on_time,2026-02-26,521.47
PAY-00000447,CUST-0061,POL-000167,2026-05-28,237.81,on_time,2026-05-27,237.81
PAY-00000448,CUST-0061,POL-000167,2026-06-27,237.81,on_time,2026-06-26,237.81
PAY-00000449,CUST-0061,POL-000167,2026-07-27,237.81,on_time,2026-07-27,237.81
PAY-00000450,CUST-0062,POL-000168,2025-11-29,321.19,on_time,2025-11-26,321.19
PAY-00000451,CUST-0062,POL-000168,2026-02-27,321.19,on_time,2026-02-26,321.19
PAY-00000452,CUST-0062,POL-000168,2026-05-28,321.19,on_time,2026-05-26,321.19
PAY-00000453,CUST-0062,POL-000169,2026-05-28,143.76,on_time,2026-05-25,143.76
PAY-00000454,CUST-0062,POL-000169,2026-06-27,143.76,on_time,2026-06-25,143.76
PAY-00000455,CUST-0062,POL-000169,2026-07-27,143.76,on_time,2026-07-25,143.76
PAY-00000456,CUST-0062,POL-000170,2026-05-28,179.77,on_time,2026-05-27,179.77
PAY-00000457,CUST-0062,POL-000170,2026-06-27,179.77,on_time,2026-06-25,179.77
PAY-00000458,CUST-0062,POL-000170,2026-07-27,179.77,on_time,2026-07-25,179.77
PAY-00000459,CUST-0062,POL-000171,2026-05-28,234.83,on_time,2026-05-26,234.83
PAY-00000460,CUST-0062,POL-000171,2026-06-27,234.83,on_time,2026-06-26,234.83
PAY-00000461,CUST-0062,POL-000171,2026-07-27,234.83,on_time,2026-07-25,234.83
PAY-00000462,CUST-0063,POL-000172,2026-05-28,105.12,on_time,2026-05-28,105.12
PAY-00000463,CUST-0063,POL-000172,2026-06-27,105.12,late,2026-07-12,105.12
PAY-00000464,CUST-0063,POL-000172,2026-07-27,105.12,on_time,2026-07-27,105.12
PAY-00000465,CUST-0063,POL-000173,2026-05-28,107.51,on_time,2026-05-27,107.51
PAY-00000466,CUST-0063,POL-000173,2026-06-27,107.51,on_time,2026-06-27,107.51
PAY-00000467,CUST-0063,POL-000173,2026-07-27,107.51,on_time,2026-07-25,107.51
PAY-00000468,CUST-0063,POL-000174,2026-05-28,85.41,on_time,2026-05-28,85.41
PAY-00000469,CUST-0063,POL-000174,2026-06-27,85.41,on_time,2026-06-27,85.41
PAY-00000470,CUST-0063,POL-000174,2026-07-27,85.41,on_time,2026-07-27,85.41
PAY-00000471,CUST-0064,POL-000175,2026-05-28,160.47,on_time,2026-05-25,160.47
PAY-00000472,CUST-0064,POL-000175,2026-06-27,160.47,on_time,2026-06-27,160.47
PAY-00000473,CUST-0064,POL-000175,2026-07-27,160.47,on_time,2026-07-24,160.47
PAY-00000474,CUST-0064,POL-000176,2026-05-28,174.65,on_time,2026-05-25,174.65
PAY-00000475,CUST-0064,POL-000176,2026-06-27,174.65,on_time,2026-06-25,174.65
PAY-00000476,CUST-0064,POL-000176,2026-07-27,174.65,on_time,2026-07-25,174.65
PAY-00000477,CUST-0065,POL-000177,2026-05-28,153.44,on_time,2026-05-25,153.44
PAY-00000478,CUST-0065,POL-000177,2026-06-27,153.44,on_time,2026-06-27,153.44
PAY-00000479,CUST-0065,POL-000177,2026-07-27,153.44,on_time,2026-07-27,153.44
PAY-00000480,CUST-0067,POL-000179,2026-05-28,28.10,on_time,2026-05-25,28.10
PAY-00000481,CUST-0067,POL-000179,2026-06-27,28.10,on_time,2026-06-27,28.10
PAY-00000482,CUST-0067,POL-000179,2026-07-27,28.10,on_time,2026-07-25,28.10
PAY-00000483,CUST-0067,POL-000180,2025-08-31,319.90,on_time,2025-08-29,319.90
PAY-00000484,CUST-0067,POL-000181,2026-05-28,40.85,on_time,2026-05-28,40.85
PAY-00000485,CUST-0067,POL-000181,2026-06-27,40.85,on_time,2026-06-26,40.85
PAY-00000486,CUST-0067,POL-000181,2026-07-27,40.85,on_time,2026-07-25,40.85
PAY-00000487,CUST-0068,POL-000182,2025-08-31,332.50,on_time,2025-08-31,332.50
PAY-00000488,CUST-0068,POL-000182,2026-02-27,332.50,on_time,2026-02-24,332.50
PAY-00000489,CUST-0068,POL-000183,2026-05-28,142.27,on_time,2026-05-28,142.27
PAY-00000490,CUST-0068,POL-000183,2026-06-27,142.27,on_time,2026-06-24,142.27
PAY-00000491,CUST-0068,POL-000183,2026-07-27,142.27,on_time,2026-07-27,142.27
PAY-00000492,CUST-0069,POL-000184,2026-05-28,30.38,on_time,2026-05-27,30.38
PAY-00000493,CUST-0069,POL-000184,2026-06-27,30.38,on_time,2026-06-27,30.38
PAY-00000494,CUST-0069,POL-000184,2026-07-27,30.38,on_time,2026-07-25,30.38
PAY-00000495,CUST-0070,POL-000185,2026-05-28,97.36,on_time,2026-05-25,97.36
PAY-00000496,CUST-0070,POL-000185,2026-06-27,97.36,on_time,2026-06-25,97.36
PAY-00000497,CUST-0070,POL-000185,2026-07-27,97.36,on_time,2026-07-24,97.36
PAY-00000498,CUST-0070,POL-000186,2025-11-29,276.24,on_time,2025-11-27,276.24
PAY-00000499,CUST-0070,POL-000186,2026-02-27,276.24,on_time,2026-02-24,276.24
PAY-00000500,CUST-0070,POL-000186,2026-05-28,276.24,on_time,2026-05-26,276.24
PAY-00000501,CUST-0070,POL-000187,2026-05-28,162.92,on_time,2026-05-27,162.92
PAY-00000502,CUST-0070,POL-000187,2026-06-27,162.92,on_time,2026-06-24,162.92
PAY-00000503,CUST-0070,POL-000187,2026-07-27,162.92,on_time,2026-07-27,162.92
PAY-00000504,CUST-0070,POL-000188,2025-11-29,234.76,on_time,2025-11-26,234.76
PAY-00000505,CUST-0070,POL-000188,2026-02-27,234.76,on_time,2026-02-24,234.76
PAY-00000506,CUST-0070,POL-000188,2026-05-28,234.76,on_time,2026-05-25,234.76
PAY-00000507,CUST-0071,POL-000189,2026-05-28,166.23,on_time,2026-05-28,166.23
PAY-00000508,CUST-0071,POL-000189,2026-06-27,166.23,on_time,2026-06-24,166.23
PAY-00000509,CUST-0071,POL-000189,2026-07-27,166.23,on_time,2026-07-27,166.23
PAY-00000510,CUST-0072,POL-000190,2025-08-31,1463.48,on_time,2025-08-31,1463.48
PAY-00000511,CUST-0073,POL-000191,2026-05-28,166.30,on_time,2026-05-25,166.30
PAY-00000512,CUST-0073,POL-000191,2026-06-27,166.30,on_time,2026-06-25,166.30
PAY-00000513,CUST-0073,POL-000191,2026-07-27,166.30,on_time,2026-07-25,166.30
PAY-00000514,CUST-0073,POL-000192,2026-05-28,93.39,on_time,2026-05-25,93.39
PAY-00000515,CUST-0073,POL-000192,2026-06-27,93.39,on_time,2026-06-24,93.39
PAY-00000516,CUST-0073,POL-000192,2026-07-27,93.39,on_time,2026-07-24,93.39
PAY-00000517,CUST-0073,POL-000193,2026-05-28,127.32,on_time,2026-05-28,127.32
PAY-00000518,CUST-0073,POL-000193,2026-06-27,127.32,on_time,2026-06-26,127.32
PAY-00000519,CUST-0073,POL-000193,2026-07-27,127.32,on_time,2026-07-24,127.32
PAY-00000520,CUST-0073,POL-000194,2026-05-28,43.21,on_time,2026-05-26,43.21
PAY-00000521,CUST-0073,POL-000194,2026-06-27,43.21,on_time,2026-06-27,43.21
PAY-00000522,CUST-0073,POL-000194,2026-07-27,43.21,on_time,2026-07-26,43.21
PAY-00000523,CUST-0074,POL-000195,2026-05-28,150.18,on_time,2026-05-28,150.18
PAY-00000524,CUST-0074,POL-000195,2026-06-27,150.18,on_time,2026-06-27,150.18
PAY-00000525,CUST-0074,POL-000195,2026-07-27,150.18,on_time,2026-07-27,150.18
PAY-00000526,CUST-0074,POL-000196,2026-05-28,116.86,on_time,2026-05-28,116.86
PAY-00000527,CUST-0074,POL-000196,2026-06-27,116.86,on_time,2026-06-27,116.86
PAY-00000528,CUST-0074,POL-000196,2026-07-27,116.86,on_time,2026-07-24,116.86
PAY-00000529,CUST-0075,POL-000197,2026-05-28,38.83,on_time,2026-05-26,38.83
PAY-00000530,CUST-0075,POL-000197,2026-06-27,38.83,on_time,2026-06-25,38.83
PAY-00000531,CUST-0075,POL-000197,2026-07-27,38.83,on_time,2026-07-24,38.83
PAY-00000532,CUST-0075,POL-000198,2026-05-28,162.94,on_time,2026-05-26,162.94
PAY-00000533,CUST-0075,POL-000198,2026-06-27,162.94,on_time,2026-06-27,162.94
PAY-00000534,CUST-0075,POL-000198,2026-07-27,162.94,on_time,2026-07-27,162.94
PAY-00000535,CUST-0075,POL-000199,2026-05-28,120.86,on_time,2026-05-25,120.86
PAY-00000536,CUST-0075,POL-000199,2026-06-27,120.86,on_time,2026-06-26,120.86
PAY-00000537,CUST-0075,POL-000199,2026-07-27,120.86,on_time,2026-07-26,120.86
PAY-00000538,CUST-0076,POL-000200,2025-11-29,391.21,on_time,2025-11-27,391.21
PAY-00000539,CUST-0076,POL-000200,2026-02-27,391.21,on_time,2026-02-26,391.21
PAY-00000540,CUST-0076,POL-000200,2026-05-28,391.21,on_time,2026-05-25,391.21
PAY-00000541,CUST-0077,POL-000201,2026-05-28,143.93,on_time,2026-05-25,143.93
PAY-00000542,CUST-0077,POL-000201,2026-06-27,143.93,on_time,2026-06-25,143.93
PAY-00000543,CUST-0077,POL-000201,2026-07-27,143.93,on_time,2026-07-26,143.93
PAY-00000544,CUST-0077,POL-000202,2026-05-28,242.27,on_time,2026-05-28,242.27
PAY-00000545,CUST-0077,POL-000202,2026-06-27,242.27,on_time,2026-06-26,242.27
PAY-00000546,CUST-0077,POL-000202,2026-07-27,242.27,on_time,2026-07-26,242.27
PAY-00000547,CUST-0077,POL-000203,2026-05-28,60.57,on_time,2026-05-27,60.57
PAY-00000548,CUST-0077,POL-000203,2026-06-27,60.57,on_time,2026-06-27,60.57
PAY-00000549,CUST-0077,POL-000203,2026-07-27,60.57,on_time,2026-07-26,60.57
PAY-00000550,CUST-0078,POL-000204,2026-05-28,226.28,on_time,2026-05-28,226.28
PAY-00000551,CUST-0078,POL-000204,2026-06-27,226.28,on_time,2026-06-24,226.28
PAY-00000552,CUST-0078,POL-000204,2026-07-27,226.28,on_time,2026-07-27,226.28
PAY-00000553,CUST-0078,POL-000205,2025-08-31,154.50,on_time,2025-08-29,154.50
PAY-00000554,CUST-0078,POL-000205,2026-02-27,154.50,on_time,2026-02-24,154.50
PAY-00000555,CUST-0078,POL-000206,2026-05-28,110.97,on_time,2026-05-27,110.97
PAY-00000556,CUST-0078,POL-000206,2026-06-27,110.97,on_time,2026-06-26,110.97
PAY-00000557,CUST-0078,POL-000206,2026-07-27,110.97,on_time,2026-07-26,110.97
PAY-00000558,CUST-0078,POL-000207,2025-11-29,666.88,on_time,2025-11-28,666.88
PAY-00000559,CUST-0078,POL-000207,2026-02-27,666.88,on_time,2026-02-25,666.88
PAY-00000560,CUST-0078,POL-000207,2026-05-28,666.88,on_time,2026-05-27,666.88
PAY-00000561,CUST-0079,POL-000208,2025-08-31,403.61,on_time,2025-08-31,403.61
PAY-00000562,CUST-0082,POL-000211,2026-05-28,144.50,on_time,2026-05-26,144.50
PAY-00000563,CUST-0082,POL-000211,2026-06-27,144.50,on_time,2026-06-25,144.50
PAY-00000564,CUST-0082,POL-000211,2026-07-27,144.50,on_time,2026-07-24,144.50
PAY-00000565,CUST-0082,POL-000212,2026-05-28,97.13,on_time,2026-05-28,97.13
PAY-00000566,CUST-0082,POL-000212,2026-06-27,97.13,on_time,2026-06-24,97.13
PAY-00000567,CUST-0082,POL-000212,2026-07-27,97.13,on_time,2026-07-25,97.13
PAY-00000568,CUST-0083,POL-000213,2026-05-28,38.32,on_time,2026-05-25,38.32
PAY-00000569,CUST-0083,POL-000213,2026-06-27,38.32,on_time,2026-06-25,38.32
PAY-00000570,CUST-0083,POL-000213,2026-07-27,38.32,on_time,2026-07-25,38.32
PAY-00000571,CUST-0083,POL-000214,2026-05-28,32.56,on_time,2026-05-25,32.56
PAY-00000572,CUST-0083,POL-000214,2026-06-27,32.56,on_time,2026-06-25,32.56
PAY-00000573,CUST-0083,POL-000214,2026-07-27,32.56,on_time,2026-07-26,32.56
PAY-00000574,CUST-0083,POL-000215,2026-05-28,30.45,on_time,2026-05-26,30.45
PAY-00000575,CUST-0083,POL-000215,2026-06-27,30.45,on_time,2026-06-25,30.45
PAY-00000576,CUST-0083,POL-000215,2026-07-27,30.45,on_time,2026-07-26,30.45
PAY-00000577,CUST-0084,POL-000216,2026-05-28,36.98,on_time,2026-05-28,36.98
PAY-00000578,CUST-0084,POL-000216,2026-06-27,36.98,on_time,2026-06-27,36.98
PAY-00000579,CUST-0084,POL-000216,2026-07-27,36.98,on_time,2026-07-27,36.98
PAY-00000580,CUST-0084,POL-000217,2026-05-28,165.70,on_time,2026-05-27,165.70
PAY-00000581,CUST-0084,POL-000217,2026-06-27,165.70,on_time,2026-06-26,165.70
PAY-00000582,CUST-0084,POL-000217,2026-07-27,165.70,on_time,2026-07-25,165.70
PAY-00000583,CUST-0084,POL-000218,2026-05-28,198.77,on_time,2026-05-28,198.77
PAY-00000584,CUST-0084,POL-000218,2026-06-27,198.77,on_time,2026-06-24,198.77
PAY-00000585,CUST-0084,POL-000218,2026-07-27,198.77,on_time,2026-07-25,198.77
PAY-00000586,CUST-0084,POL-000219,2026-05-28,51.41,on_time,2026-05-25,51.41
PAY-00000587,CUST-0084,POL-000219,2026-06-27,51.41,on_time,2026-06-24,51.41
PAY-00000588,CUST-0084,POL-000219,2026-07-27,51.41,late,2026-08-08,51.41
PAY-00000589,CUST-0085,POL-000220,2025-11-29,308.12,on_time,2025-11-29,308.12
PAY-00000590,CUST-0085,POL-000220,2026-02-27,308.12,on_time,2026-02-26,308.12
PAY-00000591,CUST-0085,POL-000220,2026-05-28,308.12,on_time,2026-05-28,308.12
PAY-00000592,CUST-0085,POL-000221,2025-08-31,1840.92,on_time,2025-08-30,1840.92
PAY-00000593,CUST-0085,POL-000222,2026-05-28,54.98,on_time,2026-05-26,54.98
PAY-00000594,CUST-0085,POL-000222,2026-06-27,54.98,on_time,2026-06-27,54.98
PAY-00000595,CUST-0085,POL-000222,2026-07-27,54.98,on_time,2026-07-24,54.98
PAY-00000596,CUST-0086,POL-000223,2026-05-28,134.84,on_time,2026-05-25,134.84
PAY-00000597,CUST-0086,POL-000223,2026-06-27,134.84,on_time,2026-06-24,134.84
PAY-00000598,CUST-0086,POL-000223,2026-07-27,134.84,on_time,2026-07-26,134.84
PAY-00000599,CUST-0086,POL-000224,2025-08-31,689.00,on_time,2025-08-28,689.00
PAY-00000600,CUST-0086,POL-000224,2026-02-27,689.00,on_time,2026-02-26,689.00
PAY-00000601,CUST-0087,POL-000225,2026-05-28,58.12,on_time,2026-05-28,58.12
PAY-00000602,CUST-0087,POL-000225,2026-06-27,58.12,on_time,2026-06-25,58.12
PAY-00000603,CUST-0087,POL-000225,2026-07-27,58.12,on_time,2026-07-26,58.12
PAY-00000604,CUST-0087,POL-000226,2026-05-28,86.68,on_time,2026-05-25,86.68
PAY-00000605,CUST-0087,POL-000226,2026-06-27,86.68,on_time,2026-06-25,86.68
PAY-00000606,CUST-0087,POL-000226,2026-07-27,86.68,on_time,2026-07-27,86.68
PAY-00000607,CUST-0088,POL-000227,2026-05-28,80.64,on_time,2026-05-25,80.64
PAY-00000608,CUST-0088,POL-000227,2026-06-27,80.64,on_time,2026-06-25,80.64
PAY-00000609,CUST-0088,POL-000227,2026-07-27,80.64,on_time,2026-07-27,80.64
PAY-00000610,CUST-0088,POL-000228,2026-05-28,154.73,on_time,2026-05-27,154.73
PAY-00000611,CUST-0088,POL-000228,2026-06-27,154.73,on_time,2026-06-24,154.73
PAY-00000612,CUST-0088,POL-000228,2026-07-27,154.73,on_time,2026-07-25,154.73
PAY-00000613,CUST-0089,POL-000229,2025-08-31,262.22,on_time,2025-08-31,262.22
PAY-00000614,CUST-0089,POL-000229,2026-02-27,262.22,on_time,2026-02-26,262.22
PAY-00000615,CUST-0089,POL-000230,2026-05-28,145.17,on_time,2026-05-26,145.17
PAY-00000616,CUST-0089,POL-000230,2026-06-27,145.17,on_time,2026-06-27,145.17
PAY-00000617,CUST-0089,POL-000230,2026-07-27,145.17,on_time,2026-07-24,145.17
PAY-00000618,CUST-0090,POL-000231,2026-05-28,193.56,on_time,2026-05-26,193.56
PAY-00000619,CUST-0090,POL-000231,2026-06-27,193.56,on_time,2026-06-26,193.56
PAY-00000620,CUST-0090,POL-000231,2026-07-27,193.56,on_time,2026-07-24,193.56
PAY-00000621,CUST-0091,POL-000233,2026-05-28,164.44,on_time,2026-05-26,164.44
PAY-00000622,CUST-0091,POL-000233,2026-06-27,164.44,on_time,2026-06-27,164.44
PAY-00000623,CUST-0091,POL-000233,2026-07-27,164.44,on_time,2026-07-25,164.44
PAY-00000624,CUST-0091,POL-000235,2026-05-28,45.54,on_time,2026-05-28,45.54
PAY-00000625,CUST-0091,POL-000235,2026-06-27,45.54,on_time,2026-06-25,45.54
PAY-00000626,CUST-0091,POL-000235,2026-07-27,45.54,on_time,2026-07-24,45.54
PAY-00000627,CUST-0091,POL-000236,2025-08-31,247.94,on_time,2025-08-30,247.94
PAY-00000628,CUST-0091,POL-000236,2026-02-27,247.94,on_time,2026-02-26,247.94
PAY-00000629,CUST-0092,POL-000237,2025-11-29,147.50,on_time,2025-11-28,147.50
PAY-00000630,CUST-0092,POL-000237,2026-02-27,147.50,on_time,2026-02-25,147.50
PAY-00000631,CUST-0092,POL-000237,2026-05-28,147.50,on_time,2026-05-27,147.50
PAY-00000632,CUST-0092,POL-000238,2026-05-28,194.02,on_time,2026-05-26,194.02
PAY-00000633,CUST-0092,POL-000238,2026-06-27,194.02,on_time,2026-06-26,194.02
PAY-00000634,CUST-0092,POL-000238,2026-07-27,194.02,on_time,2026-07-25,194.02
PAY-00000635,CUST-0093,POL-000239,2025-11-29,572.21,on_time,2025-11-27,572.21
PAY-00000636,CUST-0093,POL-000239,2026-02-27,572.21,on_time,2026-02-24,572.21
PAY-00000637,CUST-0093,POL-000239,2026-05-28,572.21,on_time,2026-05-25,572.21
PAY-00000638,CUST-0093,POL-000240,2026-05-28,234.10,on_time,2026-05-28,234.10
PAY-00000639,CUST-0093,POL-000240,2026-06-27,234.10,on_time,2026-06-27,234.10
PAY-00000640,CUST-0093,POL-000240,2026-07-27,234.10,on_time,2026-07-24,234.10
PAY-00000641,CUST-0094,POL-000241,2026-05-28,56.63,on_time,2026-05-25,56.63
PAY-00000642,CUST-0094,POL-000241,2026-06-27,56.63,on_time,2026-06-25,56.63
PAY-00000643,CUST-0094,POL-000241,2026-07-27,56.63,on_time,2026-07-25,56.63
PAY-00000644,CUST-0094,POL-000242,2026-05-28,220.85,on_time,2026-05-28,220.85
PAY-00000645,CUST-0094,POL-000242,2026-06-27,220.85,on_time,2026-06-27,220.85
PAY-00000646,CUST-0094,POL-000242,2026-07-27,220.85,on_time,2026-07-27,220.85
PAY-00000647,CUST-0095,POL-000243,2025-11-29,109.63,on_time,2025-11-29,109.63
PAY-00000648,CUST-0095,POL-000243,2026-02-27,109.63,on_time,2026-02-24,109.63
PAY-00000649,CUST-0095,POL-000243,2026-05-28,109.63,on_time,2026-05-26,109.63
PAY-00000650,CUST-0095,POL-000244,2025-11-29,363.45,on_time,2025-11-26,363.45
PAY-00000651,CUST-0095,POL-000244,2026-02-27,363.45,on_time,2026-02-24,363.45
PAY-00000652,CUST-0095,POL-000244,2026-05-28,363.45,on_time,2026-05-26,363.45
PAY-00000653,CUST-0095,POL-000245,2026-05-28,114.88,on_time,2026-05-25,114.88
PAY-00000654,CUST-0095,POL-000245,2026-06-27,114.88,on_time,2026-06-27,114.88
PAY-00000655,CUST-0095,POL-000245,2026-07-27,114.88,on_time,2026-07-25,114.88
PAY-00000656,CUST-0096,POL-000246,2026-05-28,51.16,on_time,2026-05-27,51.16
PAY-00000657,CUST-0096,POL-000246,2026-06-27,51.16,on_time,2026-06-24,51.16
PAY-00000658,CUST-0096,POL-000246,2026-07-27,51.16,on_time,2026-07-26,51.16
PAY-00000659,CUST-0097,POL-000247,2025-08-31,1130.60,on_time,2025-08-29,1130.60
PAY-00000660,CUST-0097,POL-000247,2026-02-27,1130.60,on_time,2026-02-25,1130.60
PAY-00000661,CUST-0097,POL-000248,2026-05-28,65.63,on_time,2026-05-28,65.63
PAY-00000662,CUST-0097,POL-000248,2026-06-27,65.63,on_time,2026-06-27,65.63
PAY-00000663,CUST-0097,POL-000248,2026-07-27,65.63,on_time,2026-07-27,65.63
PAY-00000664,CUST-0097,POL-000249,2026-05-28,32.40,on_time,2026-05-28,32.40
PAY-00000665,CUST-0097,POL-000249,2026-06-27,32.40,on_time,2026-06-26,32.40
PAY-00000666,CUST-0097,POL-000249,2026-07-27,32.40,on_time,2026-07-24,32.40
PAY-00000667,CUST-0098,POL-000250,2026-05-28,27.81,on_time,2026-05-27,27.81
PAY-00000668,CUST-0098,POL-000250,2026-06-27,27.81,on_time,2026-06-27,27.81
PAY-00000669,CUST-0098,POL-000250,2026-07-27,27.81,on_time,2026-07-25,27.81
