policy_id,customer_id,product_type,status,effective_date,expiration_date,premium_amount,payment_frequency,bound_date
POL-000001,CUST-001,auto,active,2025-09-11,2026-09-11,1200.00,monthly,2025-09-06
POL-000002,CUST-001,home,active,2026-02-27,2027-03-24,1800.00,monthly,2026-02-22
POL-000003,CUST-002,auto,active,2025-09-17,2026-09-17,1350.00,monthly,2025-09-12
POL-000004,CUST-003,auto,active,2025-09-07,2026-09-07,1100.00,monthly,2025-09-02
POL-000005,CUST-003,home,active,2026-02-07,2027-02-07,1650.00,quarterly,2026-02-02
POL-000006,CUST-004,auto,active,2026-01-03,2027-01-03,1400.00,monthly,2025-12-29
POL-000007,CUST-005,home,active,2025-09-15,2026-09-15,1900.00,monthly,2025-09-10
POL-000008,CUST-006,auto,active,2025-09-20,2026-09-20,1250.00,monthly,2025-09-15
POL-000009,CUST-007,home,active,2025-09-10,2026-09-10,2100.00,monthly,2025-09-05
POL-000010,CUST-008,auto,active,2025-10-10,2026-10-10,1500.00,monthly,2025-10-05
POL-000011,CUST-009,home,active,2025-09-17,2026-09-17,1750.00,monthly,2025-09-12
POL-000012,CUST-010,renters,active,2025-10-25,2026-10-25,480.00,monthly,2025-10-20
POL-000013,CUST-011,auto,active,2025-09-23,2026-09-23,1300.00,monthly,2025-09-18
POL-000014,CUST-011,home,active,2026-02-07,2027-02-07,2200.00,quarterly,2026-02-02
POL-000015,CUST-011,umbrella,active,2025-08-26,2026-12-04,500.00,annual,2025-08-21
POL-000016,CUST-011B,auto,active,2025-09-30,2026-09-30,1150.00,monthly,2025-09-25
POL-000017,CUST-012,auto,active,2025-09-07,2026-09-07,1050.00,monthly,2025-09-02
POL-000018,CUST-012,home,active,2026-02-27,2027-02-27,1950.00,quarterly,2026-02-22
POL-000019,CUST-011B,renters,active,2025-10-10,2026-10-10,468.52,monthly,2025-10-05
POL-000020,CUST-011B,renters,active,2023-12-20,2027-04-23,577.42,monthly,2023-12-15
POL-000021,CUST-011B,auto,active,2023-09-18,2026-11-20,1914.09,monthly,2023-09-13
POL-000022,CUST-0013,home,active,2025-05-28,2026-09-21,1675.03,semi_annual,2025-05-23
POL-000023,CUST-0013,home,active,2024-12-18,2027-01-10,2926.55,monthly,2024-12-13
POL-000024,CUST-0013,home,active,2023-11-22,2027-03-26,1406.97,monthly,2023-11-17
POL-000025,CUST-0013,home,active,2025-11-08,2026-11-08,1340.50,monthly,2025-11-03
POL-000026,CUST-0014,auto,renewed,2023-08-29,2024-08-28,1876.30,monthly,2023-08-24
POL-000027,CUST-0014,home,active,2024-01-18,2027-02-12,2067.68,monthly,2024-01-13
POL-000028,CUST-0014,home,active,2024-02-01,2026-09-10,2921.20,quarterly,2024-01-27
POL-000029,CUST-0014,home,lapsed,2024-06-04,2025-06-04,2072.26,monthly,2024-05-30
POL-000030,CUST-0015,home,active,2025-11-29,2026-11-29,2640.77,monthly,2025-11-24
POL-000031,CUST-0015,renters,active,2025-04-22,2026-10-18,325.56,quarterly,2025-04-17
POL-000032,CUST-0015,auto,active,2025-11-01,2026-11-01,827.66,monthly,2025-10-27
POL-000033,CUST-0016,auto,active,2025-10-27,2026-10-27,1775.72,quarterly,2025-10-22
POL-000034,CUST-0016,home,active,2024-11-07,2026-09-28,2775.99,monthly,2024-11-02
POL-000035,CUST-0016,home,lapsed,2024-11-15,2025-11-15,1928.23,quarterly,2024-11-10
POL-000036,CUST-0016,renters,active,2024-11-04,2027-01-31,644.63,quarterly,2024-10-30
POL-000037,CUST-0017,home,active,2025-07-01,2026-09-23,2389.37,quarterly,2025-06-26
POL-000038,CUST-0017,umbrella,active,2023-11-11,2026-10-23,699.18,monthly,2023-11-06
POL-000039,CUST-0017,auto,active,2024-02-13,2026-09-23,1252.12,quarterly,2024-02-08
POL-000040,CUST-0017,home,active,2025-02-16,2026-12-29,2885.60,semi_annual,2025-02-11
POL-000041,CUST-0018,auto,active,2025-04-03,2027-04-16,1453.50,semi_annual,2025-03-29
POL-000042,CUST-0018,auto,active,2025-03-20,2026-09-24,1374.05,monthly,2025-03-15
POL-000043,CUST-0018,umbrella,renewed,2024-03-11,2025-03-11,342.22,semi_annual,2024-03-06
POL-000044,CUST-0018,home,active,2024-04-27,2027-03-12,1411.51,monthly,2024-04-22
POL-000045,CUST-0019,auto,active,2024-03-09,2027-01-10,1497.06,monthly,2024-03-04
POL-000046,CUST-0019,auto,active,2026-01-31,2027-01-31,1995.08,monthly,2026-01-26
POL-000047,CUST-0019,auto,active,2025-07-24,2026-10-10,823.04,monthly,2025-07-19
POL-000048,CUST-0020,auto,active,2024-05-26,2026-12-17,907.33,monthly,2024-05-21
POL-000049,CUST-0020,auto,active,2025-09-20,2026-09-20,1127.10,quarterly,2025-09-15
POL-000050,CUST-0021,home,active,2025-08-06,2026-10-15,2882.90,monthly,2025-08-01
POL-000051,CUST-0021,home,cancelled,2024-12-28,2025-12-28,2375.27,annual,2024-12-23
POL-000052,CUST-0021,home,active,2025-10-07,2026-10-07,2765.97,monthly,2025-10-02
POL-000053,CUST-0021,home,active,2025-12-11,2026-12-11,2849.37,monthly,2025-12-06
POL-000054,CUST-0022,umbrella,active,2025-04-24,2026-11-29,312.88,monthly,2025-04-19
POL-000055,CUST-0022,home,active,2025-10-28,2026-10-28,1971.55,annual,2025-10-23
POL-000056,CUST-0022,umbrella,active,2024-04-10,2027-05-19,430.07,monthly,2024-04-05
POL-000057,CUST-0022,renters,active,2023-11-26,2027-04-25,615.40,monthly,2023-11-21
POL-000058,CUST-0023,auto,lapsed,2024-10-28,2025-10-28,1756.25,quarterly,2024-10-23
POL-000059,CUST-0023,home,active,2024-04-11,2027-04-27,2751.55,monthly,2024-04-06
POL-000060,CUST-0024,auto,active,2024-11-15,2026-10-13,1277.39,annual,2024-11-10
POL-000061,CUST-0024,umbrella,active,2025-03-07,2027-05-16,669.71,monthly,2025-03-02
POL-000062,CUST-0024,home,active,2024-11-15,2026-09-18,1571.69,quarterly,2024-11-10
POL-000063,CUST-0024,renters,active,2023-12-02,2027-05-17,492.54,semi_annual,2023-11-27
POL-000064,CUST-0025,renters,active,2024-09-24,2026-09-28,593.92,monthly,2024-09-19
POL-000065,CUST-0026,auto,active,2025-02-06,2027-03-25,1067.22,quarterly,2025-02-01
POL-000066,CUST-0026,auto,active,2024-08-31,2026-09-07,1543.09,quarterly,2024-08-26
POL-000067,CUST-0026,renters,active,2025-07-12,2027-06-08,587.35,semi_annual,2025-07-07
POL-000068,CUST-0027,auto,active,2024-02-23,2027-03-21,1253.45,annual,2024-02-18
POL-000069,CUST-0027,umbrella,active,2023-11-15,2027-04-25,574.39,annual,2023-11-10
POL-000070,CUST-0027,auto,cancelled,2024-01-13,2025-01-12,910.58,monthly,2024-01-08
POL-000071,CUST-0028,umbrella,active,2023-10-06,2027-06-22,629.64,quarterly,2023-10-01
POL-000072,CUST-0028,home,cancelled,2025-06-03,2026-06-03,2454.33,monthly,2025-05-29
POL-000073,CUST-0028,auto,active,2024-05-26,2026-11-03,1605.98,monthly,2024-05-21
POL-000074,CUST-0029,home,active,2025-06-16,2026-12-28,2850.63,monthly,2025-06-11
POL-000075,CUST-0029,auto,active,2024-04-09,2027-05-06,1004.98,monthly,2024-04-04
POL-000076,CUST-0029,home,active,2024-05-03,2027-04-18,1381.12,monthly,2024-04-28
POL-000077,CUST-0029,auto,active,2024-12-28,2026-12-30,1452.28,monthly,2024-12-23
POL-000078,CUST-0030,home,active,2025-12-14,2026-12-14,2975.24,monthly,2025-12-09
POL-000079,CUST-0030,home,active,2026-01-23,2027-01-23,1732.48,quarterly,2026-01-18
POL-000080,CUST-0031,home,active,2025-08-15,2027-01-09,2291.24,monthly,2025-08-10
POL-000081,CUST-0031,home,lapsed,2025-02-13,2026-02-13,2855.81,monthly,2025-02-08
POL-000082,CUST-0032,renters,lapsed,2025-05-14,2026-05-14,480.84,monthly,2025-05-09
POL-000083,CUST-0032,renters,active,2024-07-09,2026-10-24,541.79,quarterly,2024-07-04
POL-000084,CUST-0032,auto,active,2023-11-19,2027-04-17,1111.42,monthly,2023-11-14
POL-000085,CUST-0032,auto,active,2024-06-10,2026-10-22,998.15,monthly,2024-06-05
POL-000086,CUST-0033,home,active,2025-10-20,2026-10-20,1486.32,semi_annual,2025-10-15
POL-000087,CUST-0033,home,active,2025-08-05,2026-12-23,2081.48,quarterly,2025-07-31
POL-000088,CUST-0033,home,active,2025-11-17,2026-11-17,2029.48,monthly,2025-11-12
POL-000089,CUST-0033,auto,active,2023-10-17,2026-09-19,976.33,monthly,2023-10-12
POL-000090,CUST-0034,home,lapsed,2025-11-12,2026-11-12,2765.96,monthly,2025-11-07
POL-000091,CUST-0035,auto,lapsed,2024-08-07,2025-08-07,1313.09,monthly,2024-08-02
POL-000092,CUST-0035,auto,active,2025-01-21,2027-05-19,1808.55,monthly,2025-01-16
POL-000093,CUST-0035,home,active,2024-01-14,2026-12-23,2429.76,semi_annual,2024-01-09
POL-000094,CUST-0036,umbrella,active,2024-04-18,2026-11-02,329.48,semi_annual,2024-04-13
POL-000095,CUST-0036,auto,active,2024-10-13,2026-10-22,1093.21,monthly,2024-10-08
POL-000096,CUST-0036,home,active,2024-06-15,2027-01-14,2200.62,quarterly,2024-06-10
POL-000097,CUST-0037,auto,lapsed,2023-09-27,2024-09-26,862.67,monthly,2023-09-22
POL-000098,CUST-0037,auto,active,2025-05-02,2027-02-07,857.59,monthly,2025-04-27
POL-000099,CUST-0037,home,active,2023-10-27,2027-02-08,2624.84,monthly,2023-10-22
POL-000100,CUST-0038,auto,renewed,2024-09-17,2025-09-17,1757.80,quarterly,2024-09-12
POL-000101,CUST-0038,umbrella,active,2026-01-09,2027-01-09,736.19,monthly,2026-01-04
POL-000102,CUST-0038,renters,active,2024-08-21,2026-10-17,472.91,monthly,2024-08-16
POL-000103,CUST-0038,home,active,2025-11-13,2026-11-13,1506.69,monthly,2025-11-08
POL-000104,CUST-0039,auto,active,2024-03-26,2027-05-12,1331.42,monthly,2024-03-21
POL-000105,CUST-0040,auto,active,2024-12-25,2027-02-01,1956.02,monthly,2024-12-20
POL-000106,CUST-0040,auto,cancelled,2025-05-02,2026-05-02,1921.64,monthly,2025-04-27
POL-000107,CUST-0040,auto,active,2025-12-25,2026-12-25,1895.00,quarterly,2025-12-20
POL-000108,CUST-0041,umbrella,active,2025-02-09,2026-12-21,570.59,semi_annual,2025-02-04
POL-000109,CUST-0041,umbrella,active,2024-11-06,2026-12-12,338.90,annual,2024-11-01
POL-000110,CUST-0042,umbrella,active,2025-06-10,2027-02-27,404.18,monthly,2025-06-05
POL-000111,CUST-0042,renters,cancelled,2024-06-24,2025-06-24,488.16,monthly,2024-06-19
POL-000112,CUST-0042,auto,active,2025-10-07,2026-10-07,882.66,monthly,2025-10-02
POL-000113,CUST-0042,renters,active,2024-02-23,2027-05-29,472.44,monthly,2024-02-18
POL-000114,CUST-0043,home,cancelled,2024-05-15,2025-05-15,2256.72,monthly,2024-05-10
POL-000115,CUST-0043,home,active,2025-05-26,2027-04-13,2162.52,monthly,2025-05-21
POL-000116,CUST-0043,auto,renewed,2025-07-19,2026-07-19,865.19,semi_annual,2025-07-14
POL-000117,CUST-0044,umbrella,active,2025-06-16,2027-04-24,484.84,semi_annual,2025-06-11
POL-000118,CUST-0044,home,renewed,2025-05-30,2026-05-30,2311.46,monthly,2025-05-25
POL-000119,CUST-0044,renters,active,2025-05-14,2026-12-02,529.87,monthly,2025-05-09
POL-000120,CUST-0045,home,active,2024-05-03,2027-03-10,2308.48,semi_annual,2024-04-28
POL-000121,CUST-0045,auto,active,2025-03-28,2027-03-13,1521.97,annual,2025-03-23
POL-000122,CUST-0045,auto,active,2024-03-02,2027-01-02,1482.44,monthly,2024-02-26
POL-000123,CUST-0045,home,active,2024-03-15,2027-06-11,2396.54,monthly,2024-03-10
POL-000124,CUST-0046,home,active,2024-06-26,2027-01-25,1313.66,monthly,2024-06-21
POL-000125,CUST-0046,home,active,2024-01-03,2027-02-14,2609.60,quarterly,2023-12-29
POL-000126,CUST-0046,auto,active,2025-01-24,2027-05-27,1587.11,quarterly,2025-01-19
POL-000127,CUST-0046,auto,active,2024-12-23,2027-05-23,941.19,annual,2024-12-18
POL-000128,CUST-0047,auto,lapsed,2024-01-01,2024-12-31,1467.99,monthly,2023-12-27
POL-000129,CUST-0047,auto,active,2024-05-01,2026-12-11,1582.13,monthly,2024-04-26
POL-000130,CUST-0047,home,active,2024-10-25,2026-11-12,2775.65,annual,2024-10-20
POL-000131,CUST-0047,auto,active,2024-12-07,2026-10-03,972.44,monthly,2024-12-02
POL-000132,CUST-0048,home,active,2025-07-19,2027-06-02,1334.68,monthly,2025-07-14
POL-000133,CUST-0049,home,active,2025-07-06,2026-10-31,1679.40,quarterly,2025-07-01
POL-000134,CUST-0049,home,active,2026-01-10,2027-01-10,2902.99,monthly,2026-01-05
POL-000135,CUST-0049,umbrella,active,2023-10-19,2027-02-08,654.10,quarterly,2023-10-14
POL-000136,CUST-0049,auto,lapsed,2025-08-20,2026-08-20,1409.72,quarterly,2025-08-15
POL-000137,CUST-0050,auto,active,2025-10-01,2026-10-01,1007.35,monthly,2025-09-26
POL-000138,CUST-0050,renters,active,2025-09-19,2026-09-19,653.35,monthly,2025-09-14
POL-000139,CUST-0050,home,cancelled,2024-10-04,2025-10-04,1321.51,semi_annual,2024-09-29
POL-000140,CUST-0050,home,active,2024-10-18,2026-10-23,1968.54,monthly,2024-10-13
POL-000141,CUST-0051,umbrella,active,2024-03-10,2026-12-09,352.30,semi_annual,2024-03-05
POL-000142,CUST-0051,home,active,2024-12-06,2027-05-29,1712.23,monthly,2024-12-01
POL-000143,CUST-0052,auto,renewed,2025-12-22,2026-12-22,1038.24,monthly,2025-12-17
POL-000144,CUST-0052,auto,active,2024-06-11,2026-12-28,1873.70,monthly,2024-06-06
POL-000145,CUST-0052,auto,active,2024-07-12,2026-11-01,1270.95,monthly,2024-07-07
POL-000146,CUST-0052,auto,active,2025-02-08,2026-11-17,1705.74,quarterly,2025-02-03
POL-000147,CUST-0053,renters,active,2025-03-28,2026-10-27,477.92,annual,2025-03-23
POL-000148,CUST-0054,auto,active,2025-02-09,2027-03-20,1300.62,monthly,2025-02-04
POL-000149,CUST-0054,renters,active,2024-01-27,2026-11-14,360.33,monthly,2024-01-22
POL-000150,CUST-0055,home,active,2024-07-28,2026-11-13,2487.55,annual,2024-07-23
POL-000151,CUST-0055,home,active,2024-01-01,2027-01-02,2599.30,quarterly,2023-12-27
POL-000152,CUST-0055,renters,active,2025-02-18,2027-05-20,585.36,annual,2025-02-13
POL-000153,CUST-0056,auto,active,2025-09-05,2026-09-05,1526.69,monthly,2025-08-31
POL-000154,CUST-0057,umbrella,active,2025-09-14,2026-09-14,493.79,quarterly,2025-09-09
POL-000155,CUST-0057,auto,active,2024-11-09,2026-12-17,894.36,quarterly,2024-11-04
POL-000156,CUST-0057,auto,active,2025-03-02,2027-03-12,866.68,monthly,2025-02-25
POL-000157,CUST-0057,renters,renewed,2025-06-13,2026-06-13,308.86,monthly,2025-06-08
POL-000158,CUST-0058,home,active,2025-09-04,2026-09-04,1538.08,monthly,2025-08-30
POL-000159,CUST-0058,auto,cancelled,2024-06-09,2025-06-09,1855.24,monthly,2024-06-04
POL-000160,CUST-0059,auto,active,2024-04-07,2026-09-27,1006.34,monthly,2024-04-02
POL-000161,CUST-0060,umbrella,active,2024-06-09,2027-01-29,517.96,monthly,2024-06-04
POL-000162,CUST-0060,auto,active,2025-04-29,2027-06-14,991.81,semi_annual,2025-04-24
POL-000163,CUST-0060,renters,active,2024-10-25,2026-12-17,408.22,monthly,2024-10-20
POL-000164,CUST-0061,auto,active,2024-06-30,2026-09-27,901.63,monthly,2024-06-25
POL-000165,CUST-0061,auto,active,2024-09-20,2027-02-26,1042.94,semi_annual,2024-09-15
POL-000166,CUST-0061,auto,lapsed,2024-08-17,2025-08-17,933.17,monthly,2024-08-12
POL-000167,CUST-0061,home,active,2024-12-21,2027-02-07,2853.69,monthly,2024-12-16
POL-000168,CUST-0062,auto,active,2026-01-29,2027-01-29,1284.78,quarterly,2026-01-24
POL-000169,CUST-0062,auto,renewed,2025-11-30,2026-11-30,1725.12,monthly,2025-11-25
POL-000170,CUST-0062,home,active,2025-10-24,2026-10-24,2157.23,monthly,2025-10-19
POL-000171,CUST-0062,home,active,2024-06-13,2027-03-13,2817.95,monthly,2024-06-08
POL-000172,CUST-0063,home,active,2023-09-13,2026-09-10,1261.43,monthly,2023-09-08
POL-000173,CUST-0063,home,active,2025-11-12,2026-11-12,1290.10,monthly,2025-11-07
POL-000174,CUST-0063,auto,active,2025-12-15,2026-12-15,1024.93,monthly,2025-12-10
POL-000175,CUST-0064,home,active,2025-05-29,2026-12-12,1925.62,monthly,2025-05-24
POL-000176,CUST-0064,home,renewed,2025-11-03,2026-11-03,2095.76,monthly,2025-10-29
POL-000177,CUST-0065,auto,active,2024-08-06,2026-09-08,1841.26,monthly,2024-08-01
POL-000178,CUST-0066,renters,lapsed,2025-10-17,2026-10-17,438.20,semi_annual,2025-10-12
POL-000179,CUST-0067,renters,active,2024-05-17,2026-12-04,337.23,monthly,2024-05-12
POL-000180,CUST-0067,renters,active,2024-10-11,2027-03-18,319.90,annual,2024-10-06
POL-000181,CUST-0067,renters,active,2025-03-02,2027-06-21,490.25,monthly,2025-02-25
POL-000182,CUST-0068,umbrella,active,2024-11-16,2027-05-26,664.99,semi_annual,2024-11-11
POL-000183,CUST-0068,home,active,2025-10-30,2026-10-30,1707.19,monthly,2025-10-25
POL-000184,CUST-0069,umbrella,active,2025-04-11,2027-05-10,364.56,monthly,2025-04-06
POL-000185,CUST-0070,auto,active,2025-03-11,2027-05-31,1168.30,monthly,2025-03-06
POL-000186,CUST-0070,auto,active,2025-11-02,2026-11-02,1104.96,quarterly,2025-10-28
POL-000187,CUST-0070,home,active,2025-12-23,2026-12-23,1955.05,monthly,2025-12-18
POL-000188,CUST-0070,auto,active,2025-07-10,2027-05-04,939.05,quarterly,2025-07-05
POL-000189,CUST-0071,auto,renewed,2024-09-19,2025-09-19,1994.80,monthly,2024-09-14
POL-000190,CUST-0072,auto,active,2024-12-24,2027-05-13,1463.48,annual,2024-12-19
POL-000191,CUST-0073,auto,active,2023-11-27,2027-02-24,1995.63,monthly,2023-11-22
POL-000192,CUST-0073,auto,active,2024-04-11,2027-04-21,1120.65,monthly,2024-04-06
POL-000193,CUST-0073,auto,active,2024-10-04,2027-05-21,1527.88,monthly,2024-09-29
POL-000194,CUST-0073,renters,active,2024-05-09,2027-04-11,518.52,monthly,2024-05-04
POL-000195,CUST-0074,auto,renewed,2025-10-18,2026-10-18,1802.14,monthly,2025-10-13
POL-000196,CUST-0074,auto,active,2025-07-07,2026-09-15,1402.36,monthly,2025-07-02
POL-000197,CUST-0075,renters,active,2023-12-03,2027-02-24,465.99,monthly,2023-11-28
POL-000198,CUST-0075,auto,active,2025-04-08,2027-02-14,1955.27,monthly,2025-04-03
POL-000199,CUST-0075,home,renewed,2025-02-07,2026-02-07,1450.30,monthly,2025-02-02
POL-000200,CUST-0076,auto,active,2024-12-23,2027-06-12,1564.86,quarterly,2024-12-18
POL-000201,CUST-0077,home,active,2025-10-19,2026-10-19,1727.19,monthly,2025-10-14
POL-000202,CUST-0077,home,active,2025-03-06,2026-10-11,2907.26,monthly,2025-03-01
POL-000203,CUST-0077,umbrella,active,2023-11-25,2027-06-15,726.83,monthly,2023-11-20
POL-000204,CUST-0078,home,active,2023-09-06,2026-10-15,2715.41,monthly,2023-09-01
POL-000205,CUST-0078,renters,active,2025-02-09,2027-02-02,308.99,semi_annual,2025-02-04
POL-000206,CUST-0078,auto,active,2026-01-04,2027-01-04,1331.60,monthly,2025-12-30
POL-000207,CUST-0078,home,active,2024-01-04,2027-05-15,2667.51,quarterly,2023-12-30
POL-000208,CUST-0079,renters,active,2023-10-17,2027-03-17,403.61,annual,2023-10-12
POL-000209,CUST-0080,home,lapsed,2023-11-07,2024-11-06,2201.95,monthly,2023-11-02
POL-000210,CUST-0081,umbrella,lapsed,2024-02-03,2025-02-02,556.20,monthly,2024-01-29
POL-000211,CUST-0082,auto,active,2024-05-08,2027-04-20,1733.97,monthly,2024-05-03
POL-000212,CUST-0082,auto,renewed,2025-02-15,2026-02-15,1165.62,monthly,2025-02-10
POL-000213,CUST-0083,renters,active,2023-09-12,2026-09-26,459.87,monthly,2023-09-07
POL-000214,CUST-0083,renters,active,2024-12-15,2027-01-03,390.70,monthly,2024-12-10
POL-000215,CUST-0083,umbrella,active,2024-03-08,2027-02-22,365.35,monthly,2024-03-03
POL-000216,CUST-0084,umbrella,active,2025-03-03,2027-01-27,443.80,monthly,2025-02-26
POL-000217,CUST-0084,home,active,2025-09-29,2026-09-29,1988.40,monthly,2025-09-24
POL-000218,CUST-0084,home,active,2025-08-06,2026-09-30,2385.27,monthly,2025-08-01
POL-000219,CUST-0084,umbrella,active,2024-10-09,2026-11-03,616.87,monthly,2024-10-04
POL-000220,CUST-0085,auto,active,2024-11-17,2026-09-11,1232.47,quarterly,2024-11-12
POL-000221,CUST-0085,auto,active,2025-07-25,2026-09-27,1840.92,annual,2025-07-20
POL-000222,CUST-0085,renters,active,2024-09-13,2026-09-17,659.71,monthly,2024-09-08
POL-000223,CUST-0086,home,active,2023-11-01,2027-05-05,1618.09,monthly,2023-10-27
POL-000224,CUST-0086,auto,active,2024-05-09,2026-10-04,1378.01,semi_annual,2024-05-04
POL-000225,CUST-0087,renters,active,2024-05-18,2026-11-30,697.48,monthly,2024-05-13
POL-000226,CUST-0087,auto,active,2024-05-06,2027-01-20,1040.13,monthly,2024-05-01
POL-000227,CUST-0088,auto,active,2024-03-16,2026-11-11,967.62,monthly,2024-03-11
POL-000228,CUST-0088,auto,active,2024-10-22,2027-04-10,1856.72,monthly,2024-10-17
POL-000229,CUST-0089,renters,renewed,2024-06-10,2025-06-10,524.44,semi_annual,2024-06-05
POL-000230,CUST-0089,auto,active,2025-01-16,2027-01-17,1742.07,monthly,2025-01-11
POL-000231,CUST-0090,home,active,2025-04-21,2027-02-02,2322.77,monthly,2025-04-16
POL-000232,CUST-0090,auto,cancelled,2023-08-30,2024-08-29,1570.36,monthly,2023-08-25
POL-000233,CUST-0091,auto,active,2024-05-16,2026-12-15,1973.27,monthly,2024-05-11
POL-000234,CUST-0091,auto,cancelled,2023-10-09,2024-10-08,1157.89,monthly,2023-10-04
POL-000235,CUST-0091,renters,active,2024-05-29,2027-05-20,546.54,monthly,2024-05-24
POL-000236,CUST-0091,umbrella,renewed,2025-08-24,2026-08-24,495.89,semi_annual,2025-08-19
POL-000237,CUST-0092,umbrella,active,2023-11-22,2026-10-17,589.99,quarterly,2023-11-17
POL-000238,CUST-0092,home,active,2026-01-21,2027-01-21,2328.23,monthly,2026-01-16
POL-000239,CUST-0093,home,active,2025-09-28,2026-09-28,2288.82,quarterly,2025-09-23
POL-000240,CUST-0093,home,active,2025-07-22,2027-01-03,2809.21,monthly,2025-07-17
POL-000241,CUST-0094,renters,active,2025-10-27,2026-10-27,679.56,monthly,2025-10-22
POL-000242,CUST-0094,home,active,2024-03-21,2027-04-27,2650.21,monthly,2024-03-16
POL-000243,CUST-0095,renters,active,2025-11-08,2026-11-08,438.51,quarterly,2025-11-03
POL-000244,CUST-0095,home,active,2026-01-29,2027-01-29,1453.79,quarterly,2026-01-24
POL-000245,CUST-0095,auto,active,2023-10-11,2027-05-08,1378.51,monthly,2023-10-06
POL-000246,CUST-0096,renters,active,2025-05-13,2027-05-24,613.91,monthly,2025-05-08
POL-000247,CUST-0097,home,renewed,2024-07-22,2025-07-22,2261.19,semi_annual,2024-07-17
POL-000248,CUST-0097,umbrella,active,2023-09-21,2026-09-12,787.57,monthly,2023-09-16
POL-000249,CUST-0097,umbrella,renewed,2026-01-31,2027-01-31,388.85,monthly,2026-01-26
POL-000250,CUST-0098,renters,active,2026-01-25,2027-01-25,333.68,monthly,2026-01-20
